route-portfolio-diagnostics-v3	generic-craft-route-portfolio-v1.1.0
kind	case	action_index	action	elapsed_ns	proposals	producer_calls	continuation_calls	transitions	progress	quality	cp	durability	continuation_cache_hits
recommendation	cosmic-expert-mechanics-dfea895986f8|objective:132b7a6cd76194a6|recipe:37006|equipment:generic-i750-hq-five-meld-template-buffed-v1@56d8b966113da626|world:balanced-iid@b2fb02dee0509772|base-seed:20260824|sample:0|max-steps:80|case:7fb34599232c2147	0	reflect	12235400	2	2	722	724	0	0	776	65	7
candidate	cosmic-expert-mechanics-dfea895986f8|objective:132b7a6cd76194a6|recipe:37006|equipment:generic-i750-hq-five-meld-template-buffed-v1@56d8b966113da626|world:balanced-iid@b2fb02dee0509772|base-seed:20260824|sample:0|max-steps:80|case:7fb34599232c2147	0	reflect	selected=false	score=0.00686925	completion=0.00000000	quality=0.00000000	undelivered_potential=0.68692532	actions=42.500	route=Some(RoutePlan { intent: QualityBuild, engine: Semantic, setup: None, consumer: None, interrupt: false })	sources=[Semantic]	success=Unknown	failure=None	selection_score=-0.23800603	samples=8	horizon=64
candidate	cosmic-expert-mechanics-dfea895986f8|objective:132b7a6cd76194a6|recipe:37006|equipment:generic-i750-hq-five-meld-template-buffed-v1@56d8b966113da626|world:balanced-iid@b2fb02dee0509772|base-seed:20260824|sample:0|max-steps:80|case:7fb34599232c2147	0	reflect	selected=true	score=0.75479416	completion=0.25000000	quality=0.25000000	undelivered_potential=0.47941624	actions=48.000	route=Some(RoutePlan { intent: QualityBuild, engine: Budgeted, setup: None, consumer: None, interrupt: false })	sources=[Budgeted]	success=Unknown	failure=None	selection_score=0.75479416	samples=8	horizon=64
recommendation	cosmic-expert-mechanics-dfea895986f8|objective:132b7a6cd76194a6|recipe:37006|equipment:generic-i750-hq-five-meld-template-buffed-v1@56d8b966113da626|world:balanced-iid@b2fb02dee0509772|base-seed:20260824|sample:0|max-steps:80|case:7fb34599232c2147	1	veneration	7512700	2	3	688	688	0	1020	770	55	21
candidate	cosmic-expert-mechanics-dfea895986f8|objective:132b7a6cd76194a6|recipe:37006|equipment:generic-i750-hq-five-meld-template-buffed-v1@56d8b966113da626|world:balanced-iid@b2fb02dee0509772|base-seed:20260824|sample:0|max-steps:80|case:7fb34599232c2147	1	manipulation	selected=false	score=0.00634501	completion=0.00000000	quality=0.00000000	undelivered_potential=0.63450120	actions=39.500	route=Some(RoutePlan { intent: Recovery, engine: Semantic, setup: None, consumer: None, interrupt: false })	sources=[Semantic]	success=Unknown	failure=None	selection_score=0.00607978	samples=8	horizon=64
candidate	cosmic-expert-mechanics-dfea895986f8|objective:132b7a6cd76194a6|recipe:37006|equipment:generic-i750-hq-five-meld-template-buffed-v1@56d8b966113da626|world:balanced-iid@b2fb02dee0509772|base-seed:20260824|sample:0|max-steps:80|case:7fb34599232c2147	1	veneration	selected=true	score=0.00761715	completion=0.00000000	quality=0.00000000	undelivered_potential=0.76171522	actions=46.500	route=Some(RoutePlan { intent: ProgressSetup, engine: Budgeted, setup: None, consumer: None, interrupt: false })	sources=[Budgeted]	success=Unknown	failure=None	selection_score=0.00761715	samples=8	horizon=64
recommendation	cosmic-expert-mechanics-dfea895986f8|objective:132b7a6cd76194a6|recipe:37006|equipment:generic-i750-hq-five-meld-template-buffed-v1@56d8b966113da626|world:balanced-iid@b2fb02dee0509772|base-seed:20260824|sample:0|max-steps:80|case:7fb34599232c2147	2	tricksOfTheTrade	9300600	5	2	1667	1669	0	1020	752	55	20
candidate	cosmic-expert-mechanics-dfea895986f8|objective:132b7a6cd76194a6|recipe:37006|equipment:generic-i750-hq-five-meld-template-buffed-v1@56d8b966113da626|world:balanced-iid@b2fb02dee0509772|base-seed:20260824|sample:0|max-steps:80|case:7fb34599232c2147	2	preciseTouch	selected=false	score=0.00643139	completion=0.00000000	quality=0.00000000	undelivered_potential=0.64313905	actions=36.000	route=Some(RoutePlan { intent: QualityBuild, engine: Semantic, setup: None, consumer: None, interrupt: false })	sources=[Semantic]	success=Unknown	failure=None	selection_score=0.00624512	samples=8	horizon=64
candidate	cosmic-expert-mechanics-dfea895986f8|objective:132b7a6cd76194a6|recipe:37006|equipment:generic-i750-hq-five-meld-template-buffed-v1@56d8b966113da626|world:balanced-iid@b2fb02dee0509772|base-seed:20260824|sample:0|max-steps:80|case:7fb34599232c2147	2	preciseTouch	selected=false	score=0.00819155	completion=0.00000000	quality=0.00000000	undelivered_potential=0.81915506	actions=43.500	route=Some(RoutePlan { intent: QualityBuild, engine: Budgeted, setup: None, consumer: None, interrupt: false })	sources=[Budgeted]	success=Unknown	failure=None	selection_score=0.00819155	samples=8	horizon=64
candidate	cosmic-expert-mechanics-dfea895986f8|objective:132b7a6cd76194a6|recipe:37006|equipment:generic-i750-hq-five-meld-template-buffed-v1@56d8b966113da626|world:balanced-iid@b2fb02dee0509772|base-seed:20260824|sample:0|max-steps:80|case:7fb34599232c2147	2	preciseTouch	selected=false	score=0.00819155	completion=0.00000000	quality=0.00000000	undelivered_potential=0.81915506	actions=43.500	route=Some(RoutePlan { intent: QualityBuild, engine: Budgeted, setup: None, consumer: None, interrupt: true })	sources=[Condition]	success=Unknown	failure=None	selection_score=0.00819155	samples=8	horizon=64
candidate	cosmic-expert-mechanics-dfea895986f8|objective:132b7a6cd76194a6|recipe:37006|equipment:generic-i750-hq-five-meld-template-buffed-v1@56d8b966113da626|world:balanced-iid@b2fb02dee0509772|base-seed:20260824|sample:0|max-steps:80|case:7fb34599232c2147	2	intensiveSynthesis	selected=false	score=0.38133572	completion=0.12500000	quality=0.12500000	undelivered_potential=0.63357249	actions=40.750	route=Some(RoutePlan { intent: Finish, engine: Budgeted, setup: None, consumer: None, interrupt: true })	sources=[Condition]	success=Unknown	failure=None	selection_score=0.19438554	samples=8	horizon=64
candidate	cosmic-expert-mechanics-dfea895986f8|objective:132b7a6cd76194a6|recipe:37006|equipment:generic-i750-hq-five-meld-template-buffed-v1@56d8b966113da626|world:balanced-iid@b2fb02dee0509772|base-seed:20260824|sample:0|max-steps:80|case:7fb34599232c2147	2	tricksOfTheTrade	selected=true	score=0.38146087	completion=0.12500000	quality=0.12500000	undelivered_potential=0.64608721	actions=44.875	route=Some(RoutePlan { intent: Recovery, engine: Budgeted, setup: None, consumer: None, interrupt: true })	sources=[Condition]	success=Unknown	failure=None	selection_score=0.19446052	samples=8	horizon=64
recommendation	cosmic-expert-mechanics-dfea895986f8|objective:132b7a6cd76194a6|recipe:37006|equipment:generic-i750-hq-five-meld-template-buffed-v1@56d8b966113da626|world:balanced-iid@b2fb02dee0509772|base-seed:20260824|sample:0|max-steps:80|case:7fb34599232c2147	3	rapidSynthesis	10260800	2	2	987	992	0	1020	772	55	17
candidate	cosmic-expert-mechanics-dfea895986f8|objective:132b7a6cd76194a6|recipe:37006|equipment:generic-i750-hq-five-meld-template-buffed-v1@56d8b966113da626|world:balanced-iid@b2fb02dee0509772|base-seed:20260824|sample:0|max-steps:80|case:7fb34599232c2147	3	manipulation	selected=false	score=0.00660676	completion=0.00000000	quality=0.00000000	undelivered_potential=0.66067594	actions=40.250	route=Some(RoutePlan { intent: Recovery, engine: Semantic, setup: None, consumer: None, interrupt: false })	sources=[Semantic]	success=Unknown	failure=None	selection_score=-0.23561778	samples=8	horizon=64
candidate	cosmic-expert-mechanics-dfea895986f8|objective:132b7a6cd76194a6|recipe:37006|equipment:generic-i750-hq-five-meld-template-buffed-v1@56d8b966113da626|world:balanced-iid@b2fb02dee0509772|base-seed:20260824|sample:0|max-steps:80|case:7fb34599232c2147	3	rapidSynthesis	selected=true	score=0.94240565	completion=0.31250000	quality=0.31250000	undelivered_potential=0.49056473	actions=41.875	route=Some(RoutePlan { intent: Finish, engine: Budgeted, setup: None, consumer: None, interrupt: false })	sources=[Budgeted]	success=Unknown	failure=Some((0.5, Unknown))	selection_score=0.94240565	samples=8	horizon=64
recommendation	cosmic-expert-mechanics-dfea895986f8|objective:132b7a6cd76194a6|recipe:37006|equipment:generic-i750-hq-five-meld-template-buffed-v1@56d8b966113da626|world:balanced-iid@b2fb02dee0509772|base-seed:20260824|sample:0|max-steps:80|case:7fb34599232c2147	4	wasteNot2	8507100	2	2	626	628	2430	1020	772	50	5
candidate	cosmic-expert-mechanics-dfea895986f8|objective:132b7a6cd76194a6|recipe:37006|equipment:generic-i750-hq-five-meld-template-buffed-v1@56d8b966113da626|world:balanced-iid@b2fb02dee0509772|base-seed:20260824|sample:0|max-steps:80|case:7fb34599232c2147	4	wasteNot2	selected=false	score=0.00703798	completion=0.00000000	quality=0.00000000	undelivered_potential=0.70379811	actions=36.750	route=Some(RoutePlan { intent: Recovery, engine: Semantic, setup: None, consumer: None, interrupt: false })	sources=[Semantic]	success=Unknown	failure=None	selection_score=-0.23782204	samples=8	horizon=64
candidate	cosmic-expert-mechanics-dfea895986f8|objective:132b7a6cd76194a6|recipe:37006|equipment:generic-i750-hq-five-meld-template-buffed-v1@56d8b966113da626|world:balanced-iid@b2fb02dee0509772|base-seed:20260824|sample:0|max-steps:80|case:7fb34599232c2147	4	wasteNot2	selected=true	score=0.75561721	completion=0.25000000	quality=0.25000000	undelivered_potential=0.56172137	actions=41.750	route=Some(RoutePlan { intent: Recovery, engine: Budgeted, setup: None, consumer: None, interrupt: false })	sources=[Budgeted]	success=Unknown	failure=None	selection_score=0.75561721	samples=8	horizon=64
recommendation	cosmic-expert-mechanics-dfea895986f8|objective:132b7a6cd76194a6|recipe:37006|equipment:generic-i750-hq-five-meld-template-buffed-v1@56d8b966113da626|world:balanced-iid@b2fb02dee0509772|base-seed:20260824|sample:0|max-steps:80|case:7fb34599232c2147	5	rapidSynthesis	10652700	2	3	953	964	2430	1020	723	50	12
candidate	cosmic-expert-mechanics-dfea895986f8|objective:132b7a6cd76194a6|recipe:37006|equipment:generic-i750-hq-five-meld-template-buffed-v1@56d8b966113da626|world:balanced-iid@b2fb02dee0509772|base-seed:20260824|sample:0|max-steps:80|case:7fb34599232c2147	5	innovation	selected=false	score=0.00640922	completion=0.00000000	quality=0.00000000	undelivered_potential=0.64092160	actions=36.125	route=Some(RoutePlan { intent: QualityBuild, engine: Semantic, setup: Some(Innovation), consumer: Some(PreparatoryTouch), interrupt: false })	sources=[Semantic]	success=Unknown	failure=None	selection_score=-0.19040841	samples=8	horizon=64
candidate	cosmic-expert-mechanics-dfea895986f8|objective:132b7a6cd76194a6|recipe:37006|equipment:generic-i750-hq-five-meld-template-buffed-v1@56d8b966113da626|world:balanced-iid@b2fb02dee0509772|base-seed:20260824|sample:0|max-steps:80|case:7fb34599232c2147	5	rapidSynthesis	selected=true	score=0.56867038	completion=0.18750000	quality=0.18750000	undelivered_potential=0.61703750	actions=42.188	route=Some(RoutePlan { intent: Finish, engine: Budgeted, setup: None, consumer: None, interrupt: false })	sources=[Budgeted]	success=Unknown	failure=Some((0.5, Unknown))	selection_score=0.56867038	samples=8	horizon=64
recommendation	cosmic-expert-mechanics-dfea895986f8|objective:132b7a6cd76194a6|recipe:37006|equipment:generic-i750-hq-five-meld-template-buffed-v1@56d8b966113da626|world:balanced-iid@b2fb02dee0509772|base-seed:20260824|sample:0|max-steps:80|case:7fb34599232c2147	6	rapidSynthesis	17332600	2	3	929	944	4860	1020	723	47	13
candidate	cosmic-expert-mechanics-dfea895986f8|objective:132b7a6cd76194a6|recipe:37006|equipment:generic-i750-hq-five-meld-template-buffed-v1@56d8b966113da626|world:balanced-iid@b2fb02dee0509772|base-seed:20260824|sample:0|max-steps:80|case:7fb34599232c2147	6	innovation	selected=false	score=0.00750334	completion=0.00000000	quality=0.00000000	undelivered_potential=0.75033435	actions=36.250	route=Some(RoutePlan { intent: QualityBuild, engine: Semantic, setup: Some(Innovation), consumer: Some(PreparatoryTouch), interrupt: false })	sources=[Semantic]	success=Unknown	failure=None	selection_score=-0.22671866	samples=8	horizon=64
candidate	cosmic-expert-mechanics-dfea895986f8|objective:132b7a6cd76194a6|recipe:37006|equipment:generic-i750-hq-five-meld-template-buffed-v1@56d8b966113da626|world:balanced-iid@b2fb02dee0509772|base-seed:20260824|sample:0|max-steps:80|case:7fb34599232c2147	6	rapidSynthesis	selected=true	score=1.13020934	completion=0.37500000	quality=0.37500000	undelivered_potential=0.52093354	actions=40.875	route=Some(RoutePlan { intent: Finish, engine: Budgeted, setup: None, consumer: None, interrupt: false })	sources=[Budgeted]	success=Unknown	failure=Some((0.5, Unknown))	selection_score=1.13020934	samples=8	horizon=64
recommendation	cosmic-expert-mechanics-dfea895986f8|objective:132b7a6cd76194a6|recipe:37006|equipment:generic-i750-hq-five-meld-template-buffed-v1@56d8b966113da626|world:balanced-iid@b2fb02dee0509772|base-seed:20260824|sample:0|max-steps:80|case:7fb34599232c2147	7	veneration	15278500	2	4	580	598	4860	1020	723	42	2
candidate	cosmic-expert-mechanics-dfea895986f8|objective:132b7a6cd76194a6|recipe:37006|equipment:generic-i750-hq-five-meld-template-buffed-v1@56d8b966113da626|world:balanced-iid@b2fb02dee0509772|base-seed:20260824|sample:0|max-steps:80|case:7fb34599232c2147	7	innovation	selected=false	score=0.38146195	completion=0.12500000	quality=0.12500000	undelivered_potential=0.64619463	actions=35.375	route=Some(RoutePlan { intent: QualityBuild, engine: Semantic, setup: Some(Innovation), consumer: Some(PreparatoryTouch), interrupt: false })	sources=[Semantic]	success=Unknown	failure=None	selection_score=0.09874043	samples=8	horizon=64
candidate	cosmic-expert-mechanics-dfea895986f8|objective:132b7a6cd76194a6|recipe:37006|equipment:generic-i750-hq-five-meld-template-buffed-v1@56d8b966113da626|world:balanced-iid@b2fb02dee0509772|base-seed:20260824|sample:0|max-steps:80|case:7fb34599232c2147	7	veneration	selected=true	score=0.38107825	completion=0.12500000	quality=0.12500000	undelivered_potential=0.60782506	actions=39.375	route=Some(RoutePlan { intent: Finish, engine: Budgeted, setup: Some(Veneration), consumer: Some(RapidSynthesis), interrupt: false })	sources=[Budgeted]	success=Unknown	failure=None	selection_score=0.38107825	samples=8	horizon=64
recommendation	cosmic-expert-mechanics-dfea895986f8|objective:132b7a6cd76194a6|recipe:37006|equipment:generic-i750-hq-five-meld-template-buffed-v1@56d8b966113da626|world:balanced-iid@b2fb02dee0509772|base-seed:20260824|sample:0|max-steps:80|case:7fb34599232c2147	8	rapidSynthesis	19542600	3	3	1403	1425	4860	1020	705	42	489
candidate	cosmic-expert-mechanics-dfea895986f8|objective:132b7a6cd76194a6|recipe:37006|equipment:generic-i750-hq-five-meld-template-buffed-v1@56d8b966113da626|world:balanced-iid@b2fb02dee0509772|base-seed:20260824|sample:0|max-steps:80|case:7fb34599232c2147	8	innovation	selected=false	score=0.75586915	completion=0.25000000	quality=0.25000000	undelivered_potential=0.58691512	actions=36.875	route=Some(RoutePlan { intent: QualityBuild, engine: Semantic, setup: Some(Innovation), consumer: Some(PreciseTouch), interrupt: false })	sources=[Semantic]	success=Unknown	failure=None	selection_score=0.48218458	samples=8	horizon=64
candidate	cosmic-expert-mechanics-dfea895986f8|objective:132b7a6cd76194a6|recipe:37006|equipment:generic-i750-hq-five-meld-template-buffed-v1@56d8b966113da626|world:balanced-iid@b2fb02dee0509772|base-seed:20260824|sample:0|max-steps:80|case:7fb34599232c2147	8	rapidSynthesis	selected=false	score=1.12926721	completion=0.37500000	quality=0.37500000	undelivered_potential=0.42672093	actions=35.312	route=Some(RoutePlan { intent: Finish, engine: Budgeted, setup: None, consumer: None, interrupt: false })	sources=[Budgeted]	success=Unknown	failure=Some((0.5, Unknown))	selection_score=1.12926721	samples=8	horizon=64
candidate	cosmic-expert-mechanics-dfea895986f8|objective:132b7a6cd76194a6|recipe:37006|equipment:generic-i750-hq-five-meld-template-buffed-v1@56d8b966113da626|world:balanced-iid@b2fb02dee0509772|base-seed:20260824|sample:0|max-steps:80|case:7fb34599232c2147	8	rapidSynthesis	selected=true	score=1.12926721	completion=0.37500000	quality=0.37500000	undelivered_potential=0.42672093	actions=35.312	route=Some(RoutePlan { intent: Finish, engine: Budgeted, setup: None, consumer: None, interrupt: false })	sources=[Route]	success=Unknown	failure=Some((0.5, Unknown))	selection_score=1.12926721	samples=8	horizon=64
recommendation	cosmic-expert-mechanics-dfea895986f8|objective:132b7a6cd76194a6|recipe:37006|equipment:generic-i750-hq-five-meld-template-buffed-v1@56d8b966113da626|world:balanced-iid@b2fb02dee0509772|base-seed:20260824|sample:0|max-steps:80|case:7fb34599232c2147	9	preciseTouch	18271500	5	2	1502	1513	4860	1020	705	37	30
candidate	cosmic-expert-mechanics-dfea895986f8|objective:132b7a6cd76194a6|recipe:37006|equipment:generic-i750-hq-five-meld-template-buffed-v1@56d8b966113da626|world:balanced-iid@b2fb02dee0509772|base-seed:20260824|sample:0|max-steps:80|case:7fb34599232c2147	9	preciseTouch	selected=false	score=0.75507920	completion=0.25000000	quality=0.25000000	undelivered_potential=0.50791989	actions=33.500	route=Some(RoutePlan { intent: QualityBuild, engine: Semantic, setup: None, consumer: None, interrupt: false })	sources=[Semantic]	success=Unknown	failure=None	selection_score=0.75489139	samples=8	horizon=64
candidate	cosmic-expert-mechanics-dfea895986f8|objective:132b7a6cd76194a6|recipe:37006|equipment:generic-i750-hq-five-meld-template-buffed-v1@56d8b966113da626|world:balanced-iid@b2fb02dee0509772|base-seed:20260824|sample:0|max-steps:80|case:7fb34599232c2147	9	preciseTouch	selected=false	score=0.75629386	completion=0.25000000	quality=0.25000000	undelivered_potential=0.62938645	actions=38.125	route=Some(RoutePlan { intent: QualityBuild, engine: Budgeted, setup: None, consumer: None, interrupt: false })	sources=[Budgeted]	success=Unknown	failure=None	selection_score=0.75629386	samples=8	horizon=64
candidate	cosmic-expert-mechanics-dfea895986f8|objective:132b7a6cd76194a6|recipe:37006|equipment:generic-i750-hq-five-meld-template-buffed-v1@56d8b966113da626|world:balanced-iid@b2fb02dee0509772|base-seed:20260824|sample:0|max-steps:80|case:7fb34599232c2147	9	preciseTouch	selected=true	score=0.75629386	completion=0.25000000	quality=0.25000000	undelivered_potential=0.62938645	actions=38.125	route=Some(RoutePlan { intent: QualityBuild, engine: Budgeted, setup: None, consumer: None, interrupt: true })	sources=[Condition]	success=Unknown	failure=None	selection_score=0.75629386	samples=8	horizon=64
candidate	cosmic-expert-mechanics-dfea895986f8|objective:132b7a6cd76194a6|recipe:37006|equipment:generic-i750-hq-five-meld-template-buffed-v1@56d8b966113da626|world:balanced-iid@b2fb02dee0509772|base-seed:20260824|sample:0|max-steps:80|case:7fb34599232c2147	9	intensiveSynthesis	selected=false	score=0.75577290	completion=0.25000000	quality=0.25000000	undelivered_potential=0.57729003	actions=38.125	route=Some(RoutePlan { intent: Finish, engine: Budgeted, setup: None, consumer: None, interrupt: true })	sources=[Condition]	success=Unknown	failure=None	selection_score=0.75566995	samples=8	horizon=64
candidate	cosmic-expert-mechanics-dfea895986f8|objective:132b7a6cd76194a6|recipe:37006|equipment:generic-i750-hq-five-meld-template-buffed-v1@56d8b966113da626|world:balanced-iid@b2fb02dee0509772|base-seed:20260824|sample:0|max-steps:80|case:7fb34599232c2147	9	tricksOfTheTrade	selected=false	score=0.38209671	completion=0.12500000	quality=0.12500000	undelivered_potential=0.70967067	actions=41.250	route=Some(RoutePlan { intent: Recovery, engine: Budgeted, setup: None, consumer: None, interrupt: true })	sources=[Condition]	success=Unknown	failure=None	selection_score=0.19522166	samples=8	horizon=64
recommendation	cosmic-expert-mechanics-dfea895986f8|objective:132b7a6cd76194a6|recipe:37006|equipment:generic-i750-hq-five-meld-template-buffed-v1@56d8b966113da626|world:balanced-iid@b2fb02dee0509772|base-seed:20260824|sample:0|max-steps:80|case:7fb34599232c2147	10	rapidSynthesis	19845100	2	3	892	911	4860	2091	687	32	11
candidate	cosmic-expert-mechanics-dfea895986f8|objective:132b7a6cd76194a6|recipe:37006|equipment:generic-i750-hq-five-meld-template-buffed-v1@56d8b966113da626|world:balanced-iid@b2fb02dee0509772|base-seed:20260824|sample:0|max-steps:80|case:7fb34599232c2147	10	innovation	selected=false	score=1.12969118	completion=0.37500000	quality=0.37500000	undelivered_potential=0.46911753	actions=34.750	route=Some(RoutePlan { intent: QualityBuild, engine: Semantic, setup: Some(Innovation), consumer: Some(PreparatoryTouch), interrupt: false })	sources=[Semantic]	success=Unknown	failure=None	selection_score=0.89516181	samples=8	horizon=64
candidate	cosmic-expert-mechanics-dfea895986f8|objective:132b7a6cd76194a6|recipe:37006|equipment:generic-i750-hq-five-meld-template-buffed-v1@56d8b966113da626|world:balanced-iid@b2fb02dee0509772|base-seed:20260824|sample:0|max-steps:80|case:7fb34599232c2147	10	rapidSynthesis	selected=true	score=1.50384593	completion=0.50000000	quality=0.50000000	undelivered_potential=0.38459333	actions=39.562	route=Some(RoutePlan { intent: Finish, engine: Budgeted, setup: None, consumer: None, interrupt: false })	sources=[Budgeted]	success=Unknown	failure=Some((0.5, Unknown))	selection_score=1.50384593	samples=8	horizon=64
recommendation	cosmic-expert-mechanics-dfea895986f8|objective:132b7a6cd76194a6|recipe:37006|equipment:generic-i750-hq-five-meld-template-buffed-v1@56d8b966113da626|world:balanced-iid@b2fb02dee0509772|base-seed:20260824|sample:0|max-steps:80|case:7fb34599232c2147	11	manipulation	10052700	2	2	589	589	4860	2091	687	29	14
candidate	cosmic-expert-mechanics-dfea895986f8|objective:132b7a6cd76194a6|recipe:37006|equipment:generic-i750-hq-five-meld-template-buffed-v1@56d8b966113da626|world:balanced-iid@b2fb02dee0509772|base-seed:20260824|sample:0|max-steps:80|case:7fb34599232c2147	11	manipulation	selected=false	score=0.00720011	completion=0.00000000	quality=0.00000000	undelivered_potential=0.72001106	actions=36.125	route=Some(RoutePlan { intent: Recovery, engine: Semantic, setup: None, consumer: None, interrupt: false })	sources=[Semantic]	success=Unknown	failure=None	selection_score=0.00697739	samples=8	horizon=64
candidate	cosmic-expert-mechanics-dfea895986f8|objective:132b7a6cd76194a6|recipe:37006|equipment:generic-i750-hq-five-meld-template-buffed-v1@56d8b966113da626|world:balanced-iid@b2fb02dee0509772|base-seed:20260824|sample:0|max-steps:80|case:7fb34599232c2147	11	manipulation	selected=true	score=0.00812689	completion=0.00000000	quality=0.00000000	undelivered_potential=0.81268917	actions=37.500	route=Some(RoutePlan { intent: Recovery, engine: Budgeted, setup: None, consumer: None, interrupt: false })	sources=[Budgeted]	success=Unknown	failure=None	selection_score=0.00812689	samples=8	horizon=64
recommendation	cosmic-expert-mechanics-dfea895986f8|objective:132b7a6cd76194a6|recipe:37006|equipment:generic-i750-hq-five-meld-template-buffed-v1@56d8b966113da626|world:balanced-iid@b2fb02dee0509772|base-seed:20260824|sample:0|max-steps:80|case:7fb34599232c2147	12	wasteNot2	17928700	2	3	582	592	4860	2091	591	29	5
candidate	cosmic-expert-mechanics-dfea895986f8|objective:132b7a6cd76194a6|recipe:37006|equipment:generic-i750-hq-five-meld-template-buffed-v1@56d8b966113da626|world:balanced-iid@b2fb02dee0509772|base-seed:20260824|sample:0|max-steps:80|case:7fb34599232c2147	12	innovation	selected=false	score=0.00810427	completion=0.00000000	quality=0.00000000	undelivered_potential=0.81042654	actions=37.625	route=Some(RoutePlan { intent: QualityBuild, engine: Semantic, setup: Some(Innovation), consumer: Some(HastyTouch), interrupt: false })	sources=[Semantic]	success=Unknown	failure=None	selection_score=-0.23664154	samples=8	horizon=64
candidate	cosmic-expert-mechanics-dfea895986f8|objective:132b7a6cd76194a6|recipe:37006|equipment:generic-i750-hq-five-meld-template-buffed-v1@56d8b966113da626|world:balanced-iid@b2fb02dee0509772|base-seed:20260824|sample:0|max-steps:80|case:7fb34599232c2147	12	wasteNot2	selected=true	score=0.75586863	completion=0.25000000	quality=0.25000000	undelivered_potential=0.58686321	actions=36.375	route=Some(RoutePlan { intent: Recovery, engine: Budgeted, setup: None, consumer: None, interrupt: false })	sources=[Budgeted]	success=Unknown	failure=None	selection_score=0.75586863	samples=8	horizon=64
recommendation	cosmic-expert-mechanics-dfea895986f8|objective:132b7a6cd76194a6|recipe:37006|equipment:generic-i750-hq-five-meld-template-buffed-v1@56d8b966113da626|world:balanced-iid@b2fb02dee0509772|base-seed:20260824|sample:0|max-steps:80|case:7fb34599232c2147	13	veneration	9079600	2	4	502	518	4860	2091	542	34	2
candidate	cosmic-expert-mechanics-dfea895986f8|objective:132b7a6cd76194a6|recipe:37006|equipment:generic-i750-hq-five-meld-template-buffed-v1@56d8b966113da626|world:balanced-iid@b2fb02dee0509772|base-seed:20260824|sample:0|max-steps:80|case:7fb34599232c2147	13	innovation	selected=false	score=0.00650341	completion=0.00000000	quality=0.00000000	undelivered_potential=0.65034117	actions=28.125	route=Some(RoutePlan { intent: QualityBuild, engine: Semantic, setup: Some(Innovation), consumer: Some(PreparatoryTouch), interrupt: false })	sources=[Semantic]	success=Unknown	failure=None	selection_score=0.00627975	samples=8	horizon=64
candidate	cosmic-expert-mechanics-dfea895986f8|objective:132b7a6cd76194a6|recipe:37006|equipment:generic-i750-hq-five-meld-template-buffed-v1@56d8b966113da626|world:balanced-iid@b2fb02dee0509772|base-seed:20260824|sample:0|max-steps:80|case:7fb34599232c2147	13	veneration	selected=true	score=0.00692591	completion=0.00000000	quality=0.00000000	undelivered_potential=0.69259056	actions=36.625	route=Some(RoutePlan { intent: Finish, engine: Budgeted, setup: Some(Veneration), consumer: Some(RapidSynthesis), interrupt: false })	sources=[Budgeted]	success=Unknown	failure=None	selection_score=0.00692591	samples=8	horizon=64
recommendation	cosmic-expert-mechanics-dfea895986f8|objective:132b7a6cd76194a6|recipe:37006|equipment:generic-i750-hq-five-meld-template-buffed-v1@56d8b966113da626|world:balanced-iid@b2fb02dee0509772|base-seed:20260824|sample:0|max-steps:80|case:7fb34599232c2147	14	rapidSynthesis	11911700	3	3	1329	1341	4860	2091	524	39	384
candidate	cosmic-expert-mechanics-dfea895986f8|objective:132b7a6cd76194a6|recipe:37006|equipment:generic-i750-hq-five-meld-template-buffed-v1@56d8b966113da626|world:balanced-iid@b2fb02dee0509772|base-seed:20260824|sample:0|max-steps:80|case:7fb34599232c2147	14	innovation	selected=false	score=0.00696702	completion=0.00000000	quality=0.00000000	undelivered_potential=0.69670211	actions=28.375	route=Some(RoutePlan { intent: QualityBuild, engine: Semantic, setup: Some(Innovation), consumer: Some(PreparatoryTouch), interrupt: false })	sources=[Semantic]	success=Unknown	failure=None	selection_score=-0.18005244	samples=8	horizon=64
candidate	cosmic-expert-mechanics-dfea895986f8|objective:132b7a6cd76194a6|recipe:37006|equipment:generic-i750-hq-five-meld-template-buffed-v1@56d8b966113da626|world:balanced-iid@b2fb02dee0509772|base-seed:20260824|sample:0|max-steps:80|case:7fb34599232c2147	14	rapidSynthesis	selected=false	score=0.38084914	completion=0.12500000	quality=0.12500000	undelivered_potential=0.58491421	actions=34.812	route=Some(RoutePlan { intent: Finish, engine: Budgeted, setup: None, consumer: None, interrupt: false })	sources=[Budgeted]	success=Unknown	failure=Some((0.5, Unknown))	selection_score=0.38084914	samples=8	horizon=64
candidate	cosmic-expert-mechanics-dfea895986f8|objective:132b7a6cd76194a6|recipe:37006|equipment:generic-i750-hq-five-meld-template-buffed-v1@56d8b966113da626|world:balanced-iid@b2fb02dee0509772|base-seed:20260824|sample:0|max-steps:80|case:7fb34599232c2147	14	rapidSynthesis	selected=true	score=0.38084914	completion=0.12500000	quality=0.12500000	undelivered_potential=0.58491421	actions=34.812	route=Some(RoutePlan { intent: Finish, engine: Budgeted, setup: None, consumer: None, interrupt: false })	sources=[Route]	success=Unknown	failure=Some((0.5, Unknown))	selection_score=0.38084914	samples=8	horizon=64
recommendation	cosmic-expert-mechanics-dfea895986f8|objective:132b7a6cd76194a6|recipe:37006|equipment:generic-i750-hq-five-meld-template-buffed-v1@56d8b966113da626|world:balanced-iid@b2fb02dee0509772|base-seed:20260824|sample:0|max-steps:80|case:7fb34599232c2147	15	rapidSynthesis	9997700	2	3	827	836	4860	2091	524	39	33
candidate	cosmic-expert-mechanics-dfea895986f8|objective:132b7a6cd76194a6|recipe:37006|equipment:generic-i750-hq-five-meld-template-buffed-v1@56d8b966113da626|world:balanced-iid@b2fb02dee0509772|base-seed:20260824|sample:0|max-steps:80|case:7fb34599232c2147	15	innovation	selected=false	score=0.00712187	completion=0.00000000	quality=0.00000000	undelivered_potential=0.71218674	actions=31.375	route=Some(RoutePlan { intent: QualityBuild, engine: Semantic, setup: Some(Innovation), consumer: Some(PreciseTouch), interrupt: false })	sources=[Semantic]	success=Unknown	failure=None	selection_score=-0.08643517	samples=8	horizon=64
candidate	cosmic-expert-mechanics-dfea895986f8|objective:132b7a6cd76194a6|recipe:37006|equipment:generic-i750-hq-five-meld-template-buffed-v1@56d8b966113da626|world:balanced-iid@b2fb02dee0509772|base-seed:20260824|sample:0|max-steps:80|case:7fb34599232c2147	15	rapidSynthesis	selected=true	score=0.19410815	completion=0.06250000	quality=0.06250000	undelivered_potential=0.66081496	actions=36.562	route=Some(RoutePlan { intent: Finish, engine: Budgeted, setup: None, consumer: None, interrupt: false })	sources=[Budgeted]	success=Unknown	failure=Some((0.5, Unknown))	selection_score=0.19410815	samples=8	horizon=64
recommendation	cosmic-expert-mechanics-dfea895986f8|objective:132b7a6cd76194a6|recipe:37006|equipment:generic-i750-hq-five-meld-template-buffed-v1@56d8b966113da626|world:balanced-iid@b2fb02dee0509772|base-seed:20260824|sample:0|max-steps:80|case:7fb34599232c2147	16	tricksOfTheTrade	9771900	5	2	1408	1410	4860	2091	524	39	21
candidate	cosmic-expert-mechanics-dfea895986f8|objective:132b7a6cd76194a6|recipe:37006|equipment:generic-i750-hq-five-meld-template-buffed-v1@56d8b966113da626|world:balanced-iid@b2fb02dee0509772|base-seed:20260824|sample:0|max-steps:80|case:7fb34599232c2147	16	preciseTouch	selected=false	score=0.38072583	completion=0.12500000	quality=0.12500000	undelivered_potential=0.57258343	actions=31.875	route=Some(RoutePlan { intent: QualityBuild, engine: Semantic, setup: None, consumer: None, interrupt: false })	sources=[Semantic]	success=Unknown	failure=None	selection_score=0.19361788	samples=8	horizon=64
candidate	cosmic-expert-mechanics-dfea895986f8|objective:132b7a6cd76194a6|recipe:37006|equipment:generic-i750-hq-five-meld-template-buffed-v1@56d8b966113da626|world:balanced-iid@b2fb02dee0509772|base-seed:20260824|sample:0|max-steps:80|case:7fb34599232c2147	16	preciseTouch	selected=false	score=0.00621650	completion=0.00000000	quality=0.00000000	undelivered_potential=0.62165001	actions=35.875	route=Some(RoutePlan { intent: QualityBuild, engine: Budgeted, setup: None, consumer: None, interrupt: false })	sources=[Budgeted]	success=Unknown	failure=None	selection_score=0.00621650	samples=8	horizon=64
candidate	cosmic-expert-mechanics-dfea895986f8|objective:132b7a6cd76194a6|recipe:37006|equipment:generic-i750-hq-five-meld-template-buffed-v1@56d8b966113da626|world:balanced-iid@b2fb02dee0509772|base-seed:20260824|sample:0|max-steps:80|case:7fb34599232c2147	16	preciseTouch	selected=false	score=0.00621650	completion=0.00000000	quality=0.00000000	undelivered_potential=0.62165001	actions=35.875	route=Some(RoutePlan { intent: QualityBuild, engine: Budgeted, setup: None, consumer: None, interrupt: true })	sources=[Condition]	success=Unknown	failure=None	selection_score=0.00621650	samples=8	horizon=64
candidate	cosmic-expert-mechanics-dfea895986f8|objective:132b7a6cd76194a6|recipe:37006|equipment:generic-i750-hq-five-meld-template-buffed-v1@56d8b966113da626|world:balanced-iid@b2fb02dee0509772|base-seed:20260824|sample:0|max-steps:80|case:7fb34599232c2147	16	intensiveSynthesis	selected=false	score=0.00636463	completion=0.00000000	quality=0.00000000	undelivered_potential=0.63646349	actions=36.250	route=Some(RoutePlan { intent: Finish, engine: Budgeted, setup: None, consumer: None, interrupt: true })	sources=[Condition]	success=Unknown	failure=None	selection_score=0.00617294	samples=8	horizon=64
candidate	cosmic-expert-mechanics-dfea895986f8|objective:132b7a6cd76194a6|recipe:37006|equipment:generic-i750-hq-five-meld-template-buffed-v1@56d8b966113da626|world:balanced-iid@b2fb02dee0509772|base-seed:20260824|sample:0|max-steps:80|case:7fb34599232c2147	16	tricksOfTheTrade	selected=true	score=0.38143646	completion=0.12500000	quality=0.12500000	undelivered_potential=0.64364622	actions=36.375	route=Some(RoutePlan { intent: Recovery, engine: Budgeted, setup: None, consumer: None, interrupt: true })	sources=[Condition]	success=Unknown	failure=None	selection_score=0.19429104	samples=8	horizon=64
recommendation	cosmic-expert-mechanics-dfea895986f8|objective:132b7a6cd76194a6|recipe:37006|equipment:generic-i750-hq-five-meld-template-buffed-v1@56d8b966113da626|world:balanced-iid@b2fb02dee0509772|base-seed:20260824|sample:0|max-steps:80|case:7fb34599232c2147	17	tricksOfTheTrade	11540900	5	2	1367	1369	4860	2091	544	44	81
candidate	cosmic-expert-mechanics-dfea895986f8|objective:132b7a6cd76194a6|recipe:37006|equipment:generic-i750-hq-five-meld-template-buffed-v1@56d8b966113da626|world:balanced-iid@b2fb02dee0509772|base-seed:20260824|sample:0|max-steps:80|case:7fb34599232c2147	17	preciseTouch	selected=false	score=0.00698542	completion=0.00000000	quality=0.00000000	undelivered_potential=0.69854192	actions=29.625	route=Some(RoutePlan { intent: QualityBuild, engine: Semantic, setup: None, consumer: None, interrupt: false })	sources=[Semantic]	success=Unknown	failure=None	selection_score=0.00675474	samples=8	horizon=63
candidate	cosmic-expert-mechanics-dfea895986f8|objective:132b7a6cd76194a6|recipe:37006|equipment:generic-i750-hq-five-meld-template-buffed-v1@56d8b966113da626|world:balanced-iid@b2fb02dee0509772|base-seed:20260824|sample:0|max-steps:80|case:7fb34599232c2147	17	preciseTouch	selected=false	score=0.00695432	completion=0.00000000	quality=0.00000000	undelivered_potential=0.69543171	actions=33.750	route=Some(RoutePlan { intent: QualityBuild, engine: Budgeted, setup: None, consumer: None, interrupt: false })	sources=[Budgeted]	success=Unknown	failure=None	selection_score=0.00695432	samples=8	horizon=63
candidate	cosmic-expert-mechanics-dfea895986f8|objective:132b7a6cd76194a6|recipe:37006|equipment:generic-i750-hq-five-meld-template-buffed-v1@56d8b966113da626|world:balanced-iid@b2fb02dee0509772|base-seed:20260824|sample:0|max-steps:80|case:7fb34599232c2147	17	preciseTouch	selected=false	score=0.00695432	completion=0.00000000	quality=0.00000000	undelivered_potential=0.69543171	actions=33.750	route=Some(RoutePlan { intent: QualityBuild, engine: Budgeted, setup: None, consumer: None, interrupt: true })	sources=[Condition]	success=Unknown	failure=None	selection_score=0.00695432	samples=8	horizon=63
candidate	cosmic-expert-mechanics-dfea895986f8|objective:132b7a6cd76194a6|recipe:37006|equipment:generic-i750-hq-five-meld-template-buffed-v1@56d8b966113da626|world:balanced-iid@b2fb02dee0509772|base-seed:20260824|sample:0|max-steps:80|case:7fb34599232c2147	17	intensiveSynthesis	selected=false	score=0.38040813	completion=0.12500000	quality=0.12500000	undelivered_potential=0.54081334	actions=36.875	route=Some(RoutePlan { intent: Finish, engine: Budgeted, setup: None, consumer: None, interrupt: true })	sources=[Condition]	success=Unknown	failure=None	selection_score=0.19344031	samples=8	horizon=63
candidate	cosmic-expert-mechanics-dfea895986f8|objective:132b7a6cd76194a6|recipe:37006|equipment:generic-i750-hq-five-meld-template-buffed-v1@56d8b966113da626|world:balanced-iid@b2fb02dee0509772|base-seed:20260824|sample:0|max-steps:80|case:7fb34599232c2147	17	tricksOfTheTrade	selected=true	score=0.38092410	completion=0.12500000	quality=0.12500000	undelivered_potential=0.59241018	actions=37.125	route=Some(RoutePlan { intent: Recovery, engine: Budgeted, setup: None, consumer: None, interrupt: true })	sources=[Condition]	success=Unknown	failure=None	selection_score=0.19399305	samples=8	horizon=63
recommendation	cosmic-expert-mechanics-dfea895986f8|objective:132b7a6cd76194a6|recipe:37006|equipment:generic-i750-hq-five-meld-template-buffed-v1@56d8b966113da626|world:balanced-iid@b2fb02dee0509772|base-seed:20260824|sample:0|max-steps:80|case:7fb34599232c2147	18	veneration	11026700	2	4	524	532	4860	2091	564	49	7
candidate	cosmic-expert-mechanics-dfea895986f8|objective:132b7a6cd76194a6|recipe:37006|equipment:generic-i750-hq-five-meld-template-buffed-v1@56d8b966113da626|world:balanced-iid@b2fb02dee0509772|base-seed:20260824|sample:0|max-steps:80|case:7fb34599232c2147	18	veneration	selected=false	score=0.00680062	completion=0.00000000	quality=0.00000000	undelivered_potential=0.68006161	actions=32.000	route=Some(RoutePlan { intent: ProgressSetup, engine: Semantic, setup: None, consumer: None, interrupt: false })	sources=[Semantic]	success=Unknown	failure=None	selection_score=0.00652219	samples=8	horizon=62
candidate	cosmic-expert-mechanics-dfea895986f8|objective:132b7a6cd76194a6|recipe:37006|equipment:generic-i750-hq-five-meld-template-buffed-v1@56d8b966113da626|world:balanced-iid@b2fb02dee0509772|base-seed:20260824|sample:0|max-steps:80|case:7fb34599232c2147	18	veneration	selected=true	score=0.00706704	completion=0.00000000	quality=0.00000000	undelivered_potential=0.70670408	actions=34.500	route=Some(RoutePlan { intent: Finish, engine: Budgeted, setup: Some(Veneration), consumer: Some(RapidSynthesis), interrupt: false })	sources=[Budgeted]	success=Unknown	failure=None	selection_score=0.00706704	samples=8	horizon=62
recommendation	cosmic-expert-mechanics-dfea895986f8|objective:132b7a6cd76194a6|recipe:37006|equipment:generic-i750-hq-five-meld-template-buffed-v1@56d8b966113da626|world:balanced-iid@b2fb02dee0509772|base-seed:20260824|sample:0|max-steps:80|case:7fb34599232c2147	19	rapidSynthesis	8437000	3	3	1384	1394	4860	2091	546	54	507
candidate	cosmic-expert-mechanics-dfea895986f8|objective:132b7a6cd76194a6|recipe:37006|equipment:generic-i750-hq-five-meld-template-buffed-v1@56d8b966113da626|world:balanced-iid@b2fb02dee0509772|base-seed:20260824|sample:0|max-steps:80|case:7fb34599232c2147	19	innovation	selected=false	score=0.00662737	completion=0.00000000	quality=0.00000000	undelivered_potential=0.66273702	actions=30.500	route=Some(RoutePlan { intent: QualityBuild, engine: Semantic, setup: Some(Innovation), consumer: Some(PreparatoryTouch), interrupt: false })	sources=[Semantic]	success=Unknown	failure=None	selection_score=-0.08678869	samples=8	horizon=61
candidate	cosmic-expert-mechanics-dfea895986f8|objective:132b7a6cd76194a6|recipe:37006|equipment:generic-i750-hq-five-meld-template-buffed-v1@56d8b966113da626|world:balanced-iid@b2fb02dee0509772|base-seed:20260824|sample:0|max-steps:80|case:7fb34599232c2147	19	rapidSynthesis	selected=false	score=0.19430362	completion=0.06250000	quality=0.06250000	undelivered_potential=0.68036229	actions=35.938	route=Some(RoutePlan { intent: Finish, engine: Budgeted, setup: None, consumer: None, interrupt: false })	sources=[Budgeted]	success=Unknown	failure=Some((0.5, Unknown))	selection_score=0.19430362	samples=8	horizon=61
candidate	cosmic-expert-mechanics-dfea895986f8|objective:132b7a6cd76194a6|recipe:37006|equipment:generic-i750-hq-five-meld-template-buffed-v1@56d8b966113da626|world:balanced-iid@b2fb02dee0509772|base-seed:20260824|sample:0|max-steps:80|case:7fb34599232c2147	19	rapidSynthesis	selected=true	score=0.19430362	completion=0.06250000	quality=0.06250000	undelivered_potential=0.68036229	actions=35.938	route=Some(RoutePlan { intent: Finish, engine: Budgeted, setup: None, consumer: None, interrupt: false })	sources=[Route]	success=Unknown	failure=Some((0.5, Unknown))	selection_score=0.19430362	samples=8	horizon=61
recommendation	cosmic-expert-mechanics-dfea895986f8|objective:132b7a6cd76194a6|recipe:37006|equipment:generic-i750-hq-five-meld-template-buffed-v1@56d8b966113da626|world:balanced-iid@b2fb02dee0509772|base-seed:20260824|sample:0|max-steps:80|case:7fb34599232c2147	20	rapidSynthesis	10192600	2	3	813	822	4860	2091	546	54	6
candidate	cosmic-expert-mechanics-dfea895986f8|objective:132b7a6cd76194a6|recipe:37006|equipment:generic-i750-hq-five-meld-template-buffed-v1@56d8b966113da626|world:balanced-iid@b2fb02dee0509772|base-seed:20260824|sample:0|max-steps:80|case:7fb34599232c2147	20	innovation	selected=false	score=0.00623329	completion=0.00000000	quality=0.00000000	undelivered_potential=0.62332915	actions=30.750	route=Some(RoutePlan { intent: QualityBuild, engine: Semantic, setup: Some(Innovation), consumer: Some(HastyTouch), interrupt: false })	sources=[Semantic]	success=Unknown	failure=None	selection_score=-0.08721438	samples=8	horizon=60
candidate	cosmic-expert-mechanics-dfea895986f8|objective:132b7a6cd76194a6|recipe:37006|equipment:generic-i750-hq-five-meld-template-buffed-v1@56d8b966113da626|world:balanced-iid@b2fb02dee0509772|base-seed:20260824|sample:0|max-steps:80|case:7fb34599232c2147	20	rapidSynthesis	selected=true	score=0.19318996	completion=0.06250000	quality=0.06250000	undelivered_potential=0.56899595	actions=36.000	route=Some(RoutePlan { intent: Finish, engine: Budgeted, setup: None, consumer: None, interrupt: false })	sources=[Budgeted]	success=Unknown	failure=Some((0.5, Unknown))	selection_score=0.19318996	samples=8	horizon=60
recommendation	cosmic-expert-mechanics-dfea895986f8|objective:132b7a6cd76194a6|recipe:37006|equipment:generic-i750-hq-five-meld-template-buffed-v1@56d8b966113da626|world:balanced-iid@b2fb02dee0509772|base-seed:20260824|sample:0|max-steps:80|case:7fb34599232c2147	21	rapidSynthesis	5846200	2	3	780	788	4860	2091	546	54	10
candidate	cosmic-expert-mechanics-dfea895986f8|objective:132b7a6cd76194a6|recipe:37006|equipment:generic-i750-hq-five-meld-template-buffed-v1@56d8b966113da626|world:balanced-iid@b2fb02dee0509772|base-seed:20260824|sample:0|max-steps:80|case:7fb34599232c2147	21	innovation	selected=false	score=0.00558687	completion=0.00000000	quality=0.00000000	undelivered_potential=0.55868682	actions=31.250	route=Some(RoutePlan { intent: QualityBuild, engine: Semantic, setup: Some(Innovation), consumer: Some(HastyTouch), interrupt: false })	sources=[Semantic]	success=Unknown	failure=None	selection_score=0.00532449	samples=8	horizon=59
candidate	cosmic-expert-mechanics-dfea895986f8|objective:132b7a6cd76194a6|recipe:37006|equipment:generic-i750-hq-five-meld-template-buffed-v1@56d8b966113da626|world:balanced-iid@b2fb02dee0509772|base-seed:20260824|sample:0|max-steps:80|case:7fb34599232c2147	21	rapidSynthesis	selected=true	score=0.00574645	completion=0.00000000	quality=0.00000000	undelivered_potential=0.57464462	actions=33.500	route=Some(RoutePlan { intent: Finish, engine: Budgeted, setup: None, consumer: None, interrupt: false })	sources=[Budgeted]	success=Unknown	failure=Some((0.25, Unknown))	selection_score=0.00574645	samples=8	horizon=59
recommendation	cosmic-expert-mechanics-dfea895986f8|objective:132b7a6cd76194a6|recipe:37006|equipment:generic-i750-hq-five-meld-template-buffed-v1@56d8b966113da626|world:balanced-iid@b2fb02dee0509772|base-seed:20260824|sample:0|max-steps:80|case:7fb34599232c2147	22	rapidSynthesis	8630200	2	3	748	756	7290	2091	546	49	15
candidate	cosmic-expert-mechanics-dfea895986f8|objective:132b7a6cd76194a6|recipe:37006|equipment:generic-i750-hq-five-meld-template-buffed-v1@56d8b966113da626|world:balanced-iid@b2fb02dee0509772|base-seed:20260824|sample:0|max-steps:80|case:7fb34599232c2147	22	innovation	selected=false	score=0.00620520	completion=0.00000000	quality=0.00000000	undelivered_potential=0.62052006	actions=28.375	route=Some(RoutePlan { intent: QualityBuild, engine: Semantic, setup: Some(Innovation), consumer: Some(HastyTouch), interrupt: false })	sources=[Semantic]	success=Unknown	failure=None	selection_score=0.00604981	samples=8	horizon=58
candidate	cosmic-expert-mechanics-dfea895986f8|objective:132b7a6cd76194a6|recipe:37006|equipment:generic-i750-hq-five-meld-template-buffed-v1@56d8b966113da626|world:balanced-iid@b2fb02dee0509772|base-seed:20260824|sample:0|max-steps:80|case:7fb34599232c2147	22	rapidSynthesis	selected=true	score=0.00628401	completion=0.00000000	quality=0.00000000	undelivered_potential=0.62840066	actions=33.062	route=Some(RoutePlan { intent: Finish, engine: Budgeted, setup: None, consumer: None, interrupt: false })	sources=[Budgeted]	success=Unknown	failure=Some((0.5, Unknown))	selection_score=0.00628401	samples=8	horizon=58
recommendation	cosmic-expert-mechanics-dfea895986f8|objective:132b7a6cd76194a6|recipe:37006|equipment:generic-i750-hq-five-meld-template-buffed-v1@56d8b966113da626|world:balanced-iid@b2fb02dee0509772|base-seed:20260824|sample:0|max-steps:80|case:7fb34599232c2147	23	rapidSynthesis	6283500	2	3	746	754	7290	2091	546	39	7
candidate	cosmic-expert-mechanics-dfea895986f8|objective:132b7a6cd76194a6|recipe:37006|equipment:generic-i750-hq-five-meld-template-buffed-v1@56d8b966113da626|world:balanced-iid@b2fb02dee0509772|base-seed:20260824|sample:0|max-steps:80|case:7fb34599232c2147	23	innovation	selected=false	score=0.00677658	completion=0.00000000	quality=0.00000000	undelivered_potential=0.67765793	actions=29.250	route=Some(RoutePlan { intent: QualityBuild, engine: Semantic, setup: Some(Innovation), consumer: Some(HastyTouch), interrupt: false })	sources=[Semantic]	success=Unknown	failure=None	selection_score=0.00656968	samples=8	horizon=57
candidate	cosmic-expert-mechanics-dfea895986f8|objective:132b7a6cd76194a6|recipe:37006|equipment:generic-i750-hq-five-meld-template-buffed-v1@56d8b966113da626|world:balanced-iid@b2fb02dee0509772|base-seed:20260824|sample:0|max-steps:80|case:7fb34599232c2147	23	rapidSynthesis	selected=true	score=0.00668040	completion=0.00000000	quality=0.00000000	undelivered_potential=0.66803992	actions=32.625	route=Some(RoutePlan { intent: Finish, engine: Budgeted, setup: None, consumer: None, interrupt: false })	sources=[Budgeted]	success=Unknown	failure=Some((0.25, Unknown))	selection_score=0.00668040	samples=8	horizon=57
recommendation	cosmic-expert-mechanics-dfea895986f8|objective:132b7a6cd76194a6|recipe:37006|equipment:generic-i750-hq-five-meld-template-buffed-v1@56d8b966113da626|world:balanced-iid@b2fb02dee0509772|base-seed:20260824|sample:0|max-steps:80|case:7fb34599232c2147	24	innovation	4476600	2	3	453	463	9720	2091	546	29	7
candidate	cosmic-expert-mechanics-dfea895986f8|objective:132b7a6cd76194a6|recipe:37006|equipment:generic-i750-hq-five-meld-template-buffed-v1@56d8b966113da626|world:balanced-iid@b2fb02dee0509772|base-seed:20260824|sample:0|max-steps:80|case:7fb34599232c2147	24	innovation	selected=true	score=0.38092323	completion=0.12500000	quality=0.12500000	undelivered_potential=0.59232253	actions=28.750	route=Some(RoutePlan { intent: QualityBuild, engine: Semantic, setup: Some(Innovation), consumer: Some(HastyTouch), interrupt: false })	sources=[Semantic]	success=Unknown	failure=None	selection_score=0.19399025	samples=8	horizon=56
candidate	cosmic-expert-mechanics-dfea895986f8|objective:132b7a6cd76194a6|recipe:37006|equipment:generic-i750-hq-five-meld-template-buffed-v1@56d8b966113da626|world:balanced-iid@b2fb02dee0509772|base-seed:20260824|sample:0|max-steps:80|case:7fb34599232c2147	24	carefulSynthesis	selected=false	score=0.00717754	completion=0.00000000	quality=0.00000000	undelivered_potential=0.71775432	actions=29.125	route=Some(RoutePlan { intent: Finish, engine: Budgeted, setup: None, consumer: None, interrupt: false })	sources=[Budgeted]	success=Unknown	failure=None	selection_score=0.00717754	samples=8	horizon=56
recommendation	cosmic-expert-mechanics-dfea895986f8|objective:132b7a6cd76194a6|recipe:37006|equipment:generic-i750-hq-five-meld-template-buffed-v1@56d8b966113da626|world:balanced-iid@b2fb02dee0509772|base-seed:20260824|sample:0|max-steps:80|case:7fb34599232c2147	25	hastyTouch	8205700	2	3	702	710	9720	2091	528	29	10
candidate	cosmic-expert-mechanics-dfea895986f8|objective:132b7a6cd76194a6|recipe:37006|equipment:generic-i750-hq-five-meld-template-buffed-v1@56d8b966113da626|world:balanced-iid@b2fb02dee0509772|base-seed:20260824|sample:0|max-steps:80|case:7fb34599232c2147	25	hastyTouch	selected=true	score=0.00643331	completion=0.00000000	quality=0.00000000	undelivered_potential=0.64333064	actions=28.025	route=Some(RoutePlan { intent: QualityBuild, engine: Semantic, setup: None, consumer: None, interrupt: false })	sources=[Semantic, Route]	success=Unknown	failure=Some((0.4, Unknown))	selection_score=0.00643331	samples=8	horizon=55
candidate	cosmic-expert-mechanics-dfea895986f8|objective:132b7a6cd76194a6|recipe:37006|equipment:generic-i750-hq-five-meld-template-buffed-v1@56d8b966113da626|world:balanced-iid@b2fb02dee0509772|base-seed:20260824|sample:0|max-steps:80|case:7fb34599232c2147	25	veneration	selected=false	score=0.00520294	completion=0.00000000	quality=0.00000000	undelivered_potential=0.52029408	actions=32.750	route=Some(RoutePlan { intent: Finish, engine: Budgeted, setup: Some(Veneration), consumer: Some(CarefulSynthesis), interrupt: false })	sources=[Budgeted]	success=Unknown	failure=None	selection_score=0.00498023	samples=8	horizon=55
recommendation	cosmic-expert-mechanics-dfea895986f8|objective:132b7a6cd76194a6|recipe:37006|equipment:generic-i750-hq-five-meld-template-buffed-v1@56d8b966113da626|world:balanced-iid@b2fb02dee0509772|base-seed:20260824|sample:0|max-steps:80|case:7fb34599232c2147	26	manipulation	5168800	2	3	433	441	9720	2805	528	19	9
candidate	cosmic-expert-mechanics-dfea895986f8|objective:132b7a6cd76194a6|recipe:37006|equipment:generic-i750-hq-five-meld-template-buffed-v1@56d8b966113da626|world:balanced-iid@b2fb02dee0509772|base-seed:20260824|sample:0|max-steps:80|case:7fb34599232c2147	26	manipulation	selected=true	score=0.00705449	completion=0.00000000	quality=0.00000000	undelivered_potential=0.70544857	actions=24.750	route=Some(RoutePlan { intent: Recovery, engine: Semantic, setup: None, consumer: None, interrupt: false })	sources=[Semantic]	success=Unknown	failure=None	selection_score=0.00705449	samples=8	horizon=54
candidate	cosmic-expert-mechanics-dfea895986f8|objective:132b7a6cd76194a6|recipe:37006|equipment:generic-i750-hq-five-meld-template-buffed-v1@56d8b966113da626|world:balanced-iid@b2fb02dee0509772|base-seed:20260824|sample:0|max-steps:80|case:7fb34599232c2147	26	veneration	selected=false	score=0.00565106	completion=0.00000000	quality=0.00000000	undelivered_potential=0.56510648	actions=30.375	route=Some(RoutePlan { intent: Finish, engine: Budgeted, setup: Some(Veneration), consumer: Some(CarefulSynthesis), interrupt: false })	sources=[Budgeted]	success=Unknown	failure=None	selection_score=0.00535140	samples=8	horizon=54
recommendation	cosmic-expert-mechanics-dfea895986f8|objective:132b7a6cd76194a6|recipe:37006|equipment:generic-i750-hq-five-meld-template-buffed-v1@56d8b966113da626|world:balanced-iid@b2fb02dee0509772|base-seed:20260824|sample:0|max-steps:80|case:7fb34599232c2147	27	hastyTouch	8558100	2	3	632	640	9720	2805	432	19	14
candidate	cosmic-expert-mechanics-dfea895986f8|objective:132b7a6cd76194a6|recipe:37006|equipment:generic-i750-hq-five-meld-template-buffed-v1@56d8b966113da626|world:balanced-iid@b2fb02dee0509772|base-seed:20260824|sample:0|max-steps:80|case:7fb34599232c2147	27	hastyTouch	selected=true	score=0.00662844	completion=0.00000000	quality=0.00000000	undelivered_potential=0.66284390	actions=25.438	route=Some(RoutePlan { intent: QualityBuild, engine: Semantic, setup: None, consumer: None, interrupt: false })	sources=[Semantic]	success=Unknown	failure=Some((0.15000000000000002, Unknown))	selection_score=0.00662844	samples=8	horizon=53
candidate	cosmic-expert-mechanics-dfea895986f8|objective:132b7a6cd76194a6|recipe:37006|equipment:generic-i750-hq-five-meld-template-buffed-v1@56d8b966113da626|world:balanced-iid@b2fb02dee0509772|base-seed:20260824|sample:0|max-steps:80|case:7fb34599232c2147	27	veneration	selected=false	score=0.00583340	completion=0.00000000	quality=0.00000000	undelivered_potential=0.58334047	actions=28.250	route=Some(RoutePlan { intent: Finish, engine: Budgeted, setup: Some(Veneration), consumer: Some(CarefulSynthesis), interrupt: false })	sources=[Budgeted]	success=Unknown	failure=None	selection_score=0.00571377	samples=8	horizon=53
recommendation	cosmic-expert-mechanics-dfea895986f8|objective:132b7a6cd76194a6|recipe:37006|equipment:generic-i750-hq-five-meld-template-buffed-v1@56d8b966113da626|world:balanced-iid@b2fb02dee0509772|base-seed:20260824|sample:0|max-steps:80|case:7fb34599232c2147	28	innovation	5718700	2	3	431	439	9720	3570	432	14	8
candidate	cosmic-expert-mechanics-dfea895986f8|objective:132b7a6cd76194a6|recipe:37006|equipment:generic-i750-hq-five-meld-template-buffed-v1@56d8b966113da626|world:balanced-iid@b2fb02dee0509772|base-seed:20260824|sample:0|max-steps:80|case:7fb34599232c2147	28	innovation	selected=true	score=0.00688963	completion=0.00000000	quality=0.00000000	undelivered_potential=0.68896336	actions=26.250	route=Some(RoutePlan { intent: QualityBuild, engine: Semantic, setup: Some(Innovation), consumer: Some(HastyTouch), interrupt: false })	sources=[Semantic]	success=Unknown	failure=None	selection_score=0.00688963	samples=8	horizon=52
candidate	cosmic-expert-mechanics-dfea895986f8|objective:132b7a6cd76194a6|recipe:37006|equipment:generic-i750-hq-five-meld-template-buffed-v1@56d8b966113da626|world:balanced-iid@b2fb02dee0509772|base-seed:20260824|sample:0|max-steps:80|case:7fb34599232c2147	28	carefulSynthesis	selected=false	score=0.00641725	completion=0.00000000	quality=0.00000000	undelivered_potential=0.64172480	actions=28.625	route=Some(RoutePlan { intent: Finish, engine: Budgeted, setup: None, consumer: None, interrupt: false })	sources=[Budgeted]	success=Unknown	failure=None	selection_score=0.00630269	samples=8	horizon=52
recommendation	cosmic-expert-mechanics-dfea895986f8|objective:132b7a6cd76194a6|recipe:37006|equipment:generic-i750-hq-five-meld-template-buffed-v1@56d8b966113da626|world:balanced-iid@b2fb02dee0509772|base-seed:20260824|sample:0|max-steps:80|case:7fb34599232c2147	29	hastyTouch	5364700	2	3	574	582	9720	3570	414	19	17
candidate	cosmic-expert-mechanics-dfea895986f8|objective:132b7a6cd76194a6|recipe:37006|equipment:generic-i750-hq-five-meld-template-buffed-v1@56d8b966113da626|world:balanced-iid@b2fb02dee0509772|base-seed:20260824|sample:0|max-steps:80|case:7fb34599232c2147	29	hastyTouch	selected=true	score=0.00657398	completion=0.00000000	quality=0.00000000	undelivered_potential=0.65739802	actions=23.400	route=Some(RoutePlan { intent: QualityBuild, engine: Semantic, setup: None, consumer: None, interrupt: false })	sources=[Semantic, Route]	success=Unknown	failure=Some((0.4, Unknown))	selection_score=0.00657398	samples=8	horizon=51
candidate	cosmic-expert-mechanics-dfea895986f8|objective:132b7a6cd76194a6|recipe:37006|equipment:generic-i750-hq-five-meld-template-buffed-v1@56d8b966113da626|world:balanced-iid@b2fb02dee0509772|base-seed:20260824|sample:0|max-steps:80|case:7fb34599232c2147	29	veneration	selected=false	score=0.00553173	completion=0.00000000	quality=0.00000000	undelivered_potential=0.55317272	actions=26.125	route=Some(RoutePlan { intent: Finish, engine: Budgeted, setup: Some(Veneration), consumer: Some(CarefulSynthesis), interrupt: false })	sources=[Budgeted]	success=Unknown	failure=None	selection_score=0.00536456	samples=8	horizon=51
recommendation	cosmic-expert-mechanics-dfea895986f8|objective:132b7a6cd76194a6|recipe:37006|equipment:generic-i750-hq-five-meld-template-buffed-v1@56d8b966113da626|world:balanced-iid@b2fb02dee0509772|base-seed:20260824|sample:0|max-steps:80|case:7fb34599232c2147	30	carefulSynthesis	7107000	2	2	588	588	9720	3570	414	14	20
candidate	cosmic-expert-mechanics-dfea895986f8|objective:132b7a6cd76194a6|recipe:37006|equipment:generic-i750-hq-five-meld-template-buffed-v1@56d8b966113da626|world:balanced-iid@b2fb02dee0509772|base-seed:20260824|sample:0|max-steps:80|case:7fb34599232c2147	30	hastyTouch	selected=false	score=0.00574542	completion=0.00000000	quality=0.00000000	undelivered_potential=0.57454223	actions=22.650	route=Some(RoutePlan { intent: QualityBuild, engine: Semantic, setup: None, consumer: None, interrupt: false })	sources=[Semantic]	success=Unknown	failure=Some((0.4, Unknown))	selection_score=0.00574542	samples=8	horizon=50
candidate	cosmic-expert-mechanics-dfea895986f8|objective:132b7a6cd76194a6|recipe:37006|equipment:generic-i750-hq-five-meld-template-buffed-v1@56d8b966113da626|world:balanced-iid@b2fb02dee0509772|base-seed:20260824|sample:0|max-steps:80|case:7fb34599232c2147	30	carefulSynthesis	selected=true	score=0.00639950	completion=0.00000000	quality=0.00000000	undelivered_potential=0.63994986	actions=28.125	route=Some(RoutePlan { intent: Finish, engine: Budgeted, setup: None, consumer: None, interrupt: false })	sources=[Budgeted]	success=Unknown	failure=None	selection_score=0.00617762	samples=8	horizon=50
recommendation	cosmic-expert-mechanics-dfea895986f8|objective:132b7a6cd76194a6|recipe:37006|equipment:generic-i750-hq-five-meld-template-buffed-v1@56d8b966113da626|world:balanced-iid@b2fb02dee0509772|base-seed:20260824|sample:0|max-steps:80|case:7fb34599232c2147	31	prudentSynthesis	1820900	2	3	367	367	10594	3570	407	9	13
candidate	cosmic-expert-mechanics-dfea895986f8|objective:132b7a6cd76194a6|recipe:37006|equipment:generic-i750-hq-five-meld-template-buffed-v1@56d8b966113da626|world:balanced-iid@b2fb02dee0509772|base-seed:20260824|sample:0|max-steps:80|case:7fb34599232c2147	31	trainedPerfection	selected=false	score=0.00524442	completion=0.00000000	quality=0.00000000	undelivered_potential=0.52444235	actions=21.875	route=Some(RoutePlan { intent: Recovery, engine: Semantic, setup: None, consumer: None, interrupt: false })	sources=[Semantic]	success=Unknown	failure=None	selection_score=0.00505643	samples=8	horizon=49
candidate	cosmic-expert-mechanics-dfea895986f8|objective:132b7a6cd76194a6|recipe:37006|equipment:generic-i750-hq-five-meld-template-buffed-v1@56d8b966113da626|world:balanced-iid@b2fb02dee0509772|base-seed:20260824|sample:0|max-steps:80|case:7fb34599232c2147	31	prudentSynthesis	selected=true	score=0.00513297	completion=0.00000000	quality=0.00000000	undelivered_potential=0.51329672	actions=24.000	route=Some(RoutePlan { intent: Finish, engine: Budgeted, setup: None, consumer: None, interrupt: false })	sources=[Budgeted]	success=Unknown	failure=None	selection_score=0.00513297	samples=8	horizon=49
recommendation	cosmic-expert-mechanics-dfea895986f8|objective:132b7a6cd76194a6|recipe:37006|equipment:generic-i750-hq-five-meld-template-buffed-v1@56d8b966113da626|world:balanced-iid@b2fb02dee0509772|base-seed:20260824|sample:0|max-steps:80|case:7fb34599232c2147	32	innovation	1533400	2	4	314	330	11468	3570	389	9	18
candidate	cosmic-expert-mechanics-dfea895986f8|objective:132b7a6cd76194a6|recipe:37006|equipment:generic-i750-hq-five-meld-template-buffed-v1@56d8b966113da626|world:balanced-iid@b2fb02dee0509772|base-seed:20260824|sample:0|max-steps:80|case:7fb34599232c2147	32	innovation	selected=false	score=0.00509797	completion=0.00000000	quality=0.00000000	undelivered_potential=0.50979651	actions=19.375	route=Some(RoutePlan { intent: QualityBuild, engine: Semantic, setup: Some(Innovation), consumer: Some(PreciseTouch), interrupt: false })	sources=[Semantic]	success=Unknown	failure=None	selection_score=0.00500529	samples=8	horizon=48
candidate	cosmic-expert-mechanics-dfea895986f8|objective:132b7a6cd76194a6|recipe:37006|equipment:generic-i750-hq-five-meld-template-buffed-v1@56d8b966113da626|world:balanced-iid@b2fb02dee0509772|base-seed:20260824|sample:0|max-steps:80|case:7fb34599232c2147	32	innovation	selected=true	score=0.00534080	completion=0.00000000	quality=0.00000000	undelivered_potential=0.53407982	actions=21.875	route=Some(RoutePlan { intent: QualityBuild, engine: Budgeted, setup: Some(Innovation), consumer: Some(PreciseTouch), interrupt: false })	sources=[Budgeted]	success=Unknown	failure=None	selection_score=0.00534080	samples=8	horizon=48
recommendation	cosmic-expert-mechanics-dfea895986f8|objective:132b7a6cd76194a6|recipe:37006|equipment:generic-i750-hq-five-meld-template-buffed-v1@56d8b966113da626|world:balanced-iid@b2fb02dee0509772|base-seed:20260824|sample:0|max-steps:80|case:7fb34599232c2147	33	preciseTouch	2740100	6	2	790	798	11468	3570	371	14	138
candidate	cosmic-expert-mechanics-dfea895986f8|objective:132b7a6cd76194a6|recipe:37006|equipment:generic-i750-hq-five-meld-template-buffed-v1@56d8b966113da626|world:balanced-iid@b2fb02dee0509772|base-seed:20260824|sample:0|max-steps:80|case:7fb34599232c2147	33	preciseTouch	selected=false	score=0.00577010	completion=0.00000000	quality=0.00000000	undelivered_potential=0.57701012	actions=18.000	route=Some(RoutePlan { intent: QualityBuild, engine: Semantic, setup: None, consumer: None, interrupt: false })	sources=[Semantic]	success=Unknown	failure=None	selection_score=0.00567019	samples=8	horizon=47
candidate	cosmic-expert-mechanics-dfea895986f8|objective:132b7a6cd76194a6|recipe:37006|equipment:generic-i750-hq-five-meld-template-buffed-v1@56d8b966113da626|world:balanced-iid@b2fb02dee0509772|base-seed:20260824|sample:0|max-steps:80|case:7fb34599232c2147	33	preciseTouch	selected=false	score=0.00600728	completion=0.00000000	quality=0.00000000	undelivered_potential=0.60072849	actions=19.375	route=Some(RoutePlan { intent: QualityBuild, engine: Budgeted, setup: None, consumer: None, interrupt: false })	sources=[Budgeted]	success=Unknown	failure=None	selection_score=0.00600728	samples=8	horizon=47
candidate	cosmic-expert-mechanics-dfea895986f8|objective:132b7a6cd76194a6|recipe:37006|equipment:generic-i750-hq-five-meld-template-buffed-v1@56d8b966113da626|world:balanced-iid@b2fb02dee0509772|base-seed:20260824|sample:0|max-steps:80|case:7fb34599232c2147	33	preciseTouch	selected=false	score=0.00600728	completion=0.00000000	quality=0.00000000	undelivered_potential=0.60072849	actions=19.375	route=Some(RoutePlan { intent: QualityBuild, engine: Budgeted, setup: None, consumer: None, interrupt: false })	sources=[Route]	success=Unknown	failure=None	selection_score=0.00600728	samples=8	horizon=47
candidate	cosmic-expert-mechanics-dfea895986f8|objective:132b7a6cd76194a6|recipe:37006|equipment:generic-i750-hq-five-meld-template-buffed-v1@56d8b966113da626|world:balanced-iid@b2fb02dee0509772|base-seed:20260824|sample:0|max-steps:80|case:7fb34599232c2147	33	preciseTouch	selected=true	score=0.00600728	completion=0.00000000	quality=0.00000000	undelivered_potential=0.60072849	actions=19.375	route=Some(RoutePlan { intent: QualityBuild, engine: Budgeted, setup: None, consumer: None, interrupt: true })	sources=[Condition]	success=Unknown	failure=None	selection_score=0.00600728	samples=8	horizon=47
candidate	cosmic-expert-mechanics-dfea895986f8|objective:132b7a6cd76194a6|recipe:37006|equipment:generic-i750-hq-five-meld-template-buffed-v1@56d8b966113da626|world:balanced-iid@b2fb02dee0509772|base-seed:20260824|sample:0|max-steps:80|case:7fb34599232c2147	33	intensiveSynthesis	selected=false	score=0.00061371	completion=0.00000000	quality=0.00000000	undelivered_potential=0.06137119	actions=1.000	route=Some(RoutePlan { intent: Finish, engine: Budgeted, setup: None, consumer: None, interrupt: true })	sources=[Condition]	success=TerminalFailure	failure=None	selection_score=0.00051945	samples=8	horizon=47
candidate	cosmic-expert-mechanics-dfea895986f8|objective:132b7a6cd76194a6|recipe:37006|equipment:generic-i750-hq-five-meld-template-buffed-v1@56d8b966113da626|world:balanced-iid@b2fb02dee0509772|base-seed:20260824|sample:0|max-steps:80|case:7fb34599232c2147	33	tricksOfTheTrade	selected=false	score=0.00545471	completion=0.00000000	quality=0.00000000	undelivered_potential=0.54547052	actions=22.625	route=Some(RoutePlan { intent: Recovery, engine: Budgeted, setup: None, consumer: None, interrupt: true })	sources=[Condition]	success=Unknown	failure=None	selection_score=0.00539788	samples=8	horizon=47
recommendation	cosmic-expert-mechanics-dfea895986f8|objective:132b7a6cd76194a6|recipe:37006|equipment:generic-i750-hq-five-meld-template-buffed-v1@56d8b966113da626|world:balanced-iid@b2fb02dee0509772|base-seed:20260824|sample:0|max-steps:80|case:7fb34599232c2147	34	manipulation	1420400	2	2	308	308	11468	5712	353	9	12
candidate	cosmic-expert-mechanics-dfea895986f8|objective:132b7a6cd76194a6|recipe:37006|equipment:generic-i750-hq-five-meld-template-buffed-v1@56d8b966113da626|world:balanced-iid@b2fb02dee0509772|base-seed:20260824|sample:0|max-steps:80|case:7fb34599232c2147	34	manipulation	selected=false	score=0.00551166	completion=0.00000000	quality=0.00000000	undelivered_potential=0.55116650	actions=18.125	route=Some(RoutePlan { intent: Recovery, engine: Semantic, setup: None, consumer: None, interrupt: false })	sources=[Semantic]	success=Unknown	failure=None	selection_score=0.00536427	samples=8	horizon=46
candidate	cosmic-expert-mechanics-dfea895986f8|objective:132b7a6cd76194a6|recipe:37006|equipment:generic-i750-hq-five-meld-template-buffed-v1@56d8b966113da626|world:balanced-iid@b2fb02dee0509772|base-seed:20260824|sample:0|max-steps:80|case:7fb34599232c2147	34	manipulation	selected=true	score=0.00554278	completion=0.00000000	quality=0.00000000	undelivered_potential=0.55427758	actions=20.375	route=Some(RoutePlan { intent: Recovery, engine: Budgeted, setup: None, consumer: None, interrupt: false })	sources=[Budgeted]	success=Unknown	failure=None	selection_score=0.00554278	samples=8	horizon=46
recommendation	cosmic-expert-mechanics-dfea895986f8|objective:132b7a6cd76194a6|recipe:37006|equipment:generic-i750-hq-five-meld-template-buffed-v1@56d8b966113da626|world:balanced-iid@b2fb02dee0509772|base-seed:20260824|sample:0|max-steps:80|case:7fb34599232c2147	35	trainedPerfection	1323000	2	4	304	304	11468	5712	305	9	13
candidate	cosmic-expert-mechanics-dfea895986f8|objective:132b7a6cd76194a6|recipe:37006|equipment:generic-i750-hq-five-meld-template-buffed-v1@56d8b966113da626|world:balanced-iid@b2fb02dee0509772|base-seed:20260824|sample:0|max-steps:80|case:7fb34599232c2147	35	trainedPerfection	selected=false	score=0.00557904	completion=0.00000000	quality=0.00000000	undelivered_potential=0.55790414	actions=18.250	route=Some(RoutePlan { intent: Recovery, engine: Semantic, setup: None, consumer: None, interrupt: false })	sources=[Semantic]	success=Unknown	failure=None	selection_score=0.00545406	samples=8	horizon=45
candidate	cosmic-expert-mechanics-dfea895986f8|objective:132b7a6cd76194a6|recipe:37006|equipment:generic-i750-hq-five-meld-template-buffed-v1@56d8b966113da626|world:balanced-iid@b2fb02dee0509772|base-seed:20260824|sample:0|max-steps:80|case:7fb34599232c2147	35	trainedPerfection	selected=true	score=0.00609125	completion=0.00000000	quality=0.00000000	undelivered_potential=0.60912483	actions=19.750	route=Some(RoutePlan { intent: Recovery, engine: Budgeted, setup: None, consumer: None, interrupt: false })	sources=[Budgeted]	success=Unknown	failure=None	selection_score=0.00609125	samples=8	horizon=45
recommendation	cosmic-expert-mechanics-dfea895986f8|objective:132b7a6cd76194a6|recipe:37006|equipment:generic-i750-hq-five-meld-template-buffed-v1@56d8b966113da626|world:balanced-iid@b2fb02dee0509772|base-seed:20260824|sample:0|max-steps:80|case:7fb34599232c2147	36	innovation	1531800	2	4	293	309	11468	5712	305	14	2
candidate	cosmic-expert-mechanics-dfea895986f8|objective:132b7a6cd76194a6|recipe:37006|equipment:generic-i750-hq-five-meld-template-buffed-v1@56d8b966113da626|world:balanced-iid@b2fb02dee0509772|base-seed:20260824|sample:0|max-steps:80|case:7fb34599232c2147	36	innovation	selected=false	score=0.00571873	completion=0.00000000	quality=0.00000000	undelivered_potential=0.57187295	actions=18.000	route=Some(RoutePlan { intent: QualityBuild, engine: Semantic, setup: Some(Innovation), consumer: Some(HastyTouch), interrupt: false })	sources=[Semantic]	success=Unknown	failure=None	selection_score=0.00559561	samples=8	horizon=44
candidate	cosmic-expert-mechanics-dfea895986f8|objective:132b7a6cd76194a6|recipe:37006|equipment:generic-i750-hq-five-meld-template-buffed-v1@56d8b966113da626|world:balanced-iid@b2fb02dee0509772|base-seed:20260824|sample:0|max-steps:80|case:7fb34599232c2147	36	innovation	selected=true	score=0.00609852	completion=0.00000000	quality=0.00000000	undelivered_potential=0.60985195	actions=20.625	route=Some(RoutePlan { intent: QualityBuild, engine: Budgeted, setup: Some(Innovation), consumer: Some(HastyTouch), interrupt: false })	sources=[Budgeted]	success=Unknown	failure=None	selection_score=0.00609852	samples=8	horizon=44
recommendation	cosmic-expert-mechanics-dfea895986f8|objective:132b7a6cd76194a6|recipe:37006|equipment:generic-i750-hq-five-meld-template-buffed-v1@56d8b966113da626|world:balanced-iid@b2fb02dee0509772|base-seed:20260824|sample:0|max-steps:80|case:7fb34599232c2147	37	hastyTouch	4240200	3	2	950	950	11468	5712	287	19	312
candidate	cosmic-expert-mechanics-dfea895986f8|objective:132b7a6cd76194a6|recipe:37006|equipment:generic-i750-hq-five-meld-template-buffed-v1@56d8b966113da626|world:balanced-iid@b2fb02dee0509772|base-seed:20260824|sample:0|max-steps:80|case:7fb34599232c2147	37	hastyTouch	selected=false	score=0.00541385	completion=0.00000000	quality=0.00000000	undelivered_potential=0.54138484	actions=16.325	route=Some(RoutePlan { intent: QualityBuild, engine: Semantic, setup: None, consumer: None, interrupt: false })	sources=[Semantic]	success=Unknown	failure=Some((0.4, Unknown))	selection_score=0.00524478	samples=8	horizon=43
candidate	cosmic-expert-mechanics-dfea895986f8|objective:132b7a6cd76194a6|recipe:37006|equipment:generic-i750-hq-five-meld-template-buffed-v1@56d8b966113da626|world:balanced-iid@b2fb02dee0509772|base-seed:20260824|sample:0|max-steps:80|case:7fb34599232c2147	37	hastyTouch	selected=false	score=0.00639063	completion=0.00000000	quality=0.00000000	undelivered_potential=0.63906258	actions=21.775	route=Some(RoutePlan { intent: QualityBuild, engine: Budgeted, setup: None, consumer: None, interrupt: false })	sources=[Budgeted]	success=Unknown	failure=Some((0.4, Unknown))	selection_score=0.00639063	samples=8	horizon=43
candidate	cosmic-expert-mechanics-dfea895986f8|objective:132b7a6cd76194a6|recipe:37006|equipment:generic-i750-hq-five-meld-template-buffed-v1@56d8b966113da626|world:balanced-iid@b2fb02dee0509772|base-seed:20260824|sample:0|max-steps:80|case:7fb34599232c2147	37	hastyTouch	selected=true	score=0.00639063	completion=0.00000000	quality=0.00000000	undelivered_potential=0.63906258	actions=21.775	route=Some(RoutePlan { intent: QualityBuild, engine: Budgeted, setup: None, consumer: None, interrupt: false })	sources=[Route]	success=Unknown	failure=Some((0.4, Unknown))	selection_score=0.00639063	samples=8	horizon=43
recommendation	cosmic-expert-mechanics-dfea895986f8|objective:132b7a6cd76194a6|recipe:37006|equipment:generic-i750-hq-five-meld-template-buffed-v1@56d8b966113da626|world:balanced-iid@b2fb02dee0509772|base-seed:20260824|sample:0|max-steps:80|case:7fb34599232c2147	38	hastyTouch	2266800	2	2	548	548	11468	5712	287	24	8
candidate	cosmic-expert-mechanics-dfea895986f8|objective:132b7a6cd76194a6|recipe:37006|equipment:generic-i750-hq-five-meld-template-buffed-v1@56d8b966113da626|world:balanced-iid@b2fb02dee0509772|base-seed:20260824|sample:0|max-steps:80|case:7fb34599232c2147	38	hastyTouch	selected=false	score=0.00480945	completion=0.00000000	quality=0.00000000	undelivered_potential=0.48094470	actions=14.800	route=Some(RoutePlan { intent: QualityBuild, engine: Semantic, setup: None, consumer: None, interrupt: false })	sources=[Semantic]	success=Unknown	failure=Some((0.4, Unknown))	selection_score=0.00468741	samples=8	horizon=42
candidate	cosmic-expert-mechanics-dfea895986f8|objective:132b7a6cd76194a6|recipe:37006|equipment:generic-i750-hq-five-meld-template-buffed-v1@56d8b966113da626|world:balanced-iid@b2fb02dee0509772|base-seed:20260824|sample:0|max-steps:80|case:7fb34599232c2147	38	hastyTouch	selected=true	score=0.00523083	completion=0.00000000	quality=0.00000000	undelivered_potential=0.52308267	actions=19.550	route=Some(RoutePlan { intent: QualityBuild, engine: Budgeted, setup: None, consumer: None, interrupt: false })	sources=[Budgeted]	success=Unknown	failure=Some((0.4, Unknown))	selection_score=0.00523083	samples=8	horizon=42
recommendation	cosmic-expert-mechanics-dfea895986f8|objective:132b7a6cd76194a6|recipe:37006|equipment:generic-i750-hq-five-meld-template-buffed-v1@56d8b966113da626|world:balanced-iid@b2fb02dee0509772|base-seed:20260824|sample:0|max-steps:80|case:7fb34599232c2147	39	daringTouch	1362400	2	2	396	396	11468	6630	287	19	6
candidate	cosmic-expert-mechanics-dfea895986f8|objective:132b7a6cd76194a6|recipe:37006|equipment:generic-i750-hq-five-meld-template-buffed-v1@56d8b966113da626|world:balanced-iid@b2fb02dee0509772|base-seed:20260824|sample:0|max-steps:80|case:7fb34599232c2147	39	preparatoryTouch	selected=false	score=0.00468362	completion=0.00000000	quality=0.00000000	undelivered_potential=0.46836205	actions=13.625	route=Some(RoutePlan { intent: QualityBuild, engine: Semantic, setup: None, consumer: None, interrupt: false })	sources=[Semantic]	success=Unknown	failure=None	selection_score=0.00456600	samples=8	horizon=41
candidate	cosmic-expert-mechanics-dfea895986f8|objective:132b7a6cd76194a6|recipe:37006|equipment:generic-i750-hq-five-meld-template-buffed-v1@56d8b966113da626|world:balanced-iid@b2fb02dee0509772|base-seed:20260824|sample:0|max-steps:80|case:7fb34599232c2147	39	daringTouch	selected=true	score=0.00569210	completion=0.00000000	quality=0.00000000	undelivered_potential=0.56920982	actions=17.925	route=Some(RoutePlan { intent: QualityBuild, engine: Budgeted, setup: None, consumer: None, interrupt: false })	sources=[Budgeted]	success=Unknown	failure=Some((0.4, Unknown))	selection_score=0.00569210	samples=8	horizon=41
recommendation	cosmic-expert-mechanics-dfea895986f8|objective:132b7a6cd76194a6|recipe:37006|equipment:generic-i750-hq-five-meld-template-buffed-v1@56d8b966113da626|world:balanced-iid@b2fb02dee0509772|base-seed:20260824|sample:0|max-steps:80|case:7fb34599232c2147	40	trainedFinesse	1576400	2	2	258	258	11468	8083	287	19	10
candidate	cosmic-expert-mechanics-dfea895986f8|objective:132b7a6cd76194a6|recipe:37006|equipment:generic-i750-hq-five-meld-template-buffed-v1@56d8b966113da626|world:balanced-iid@b2fb02dee0509772|base-seed:20260824|sample:0|max-steps:80|case:7fb34599232c2147	40	trainedFinesse	selected=false	score=0.00579534	completion=0.00000000	quality=0.00000000	undelivered_potential=0.57953357	actions=14.000	route=Some(RoutePlan { intent: QualityBuild, engine: Semantic, setup: None, consumer: None, interrupt: false })	sources=[Semantic]	success=Unknown	failure=None	selection_score=0.00564174	samples=8	horizon=40
candidate	cosmic-expert-mechanics-dfea895986f8|objective:132b7a6cd76194a6|recipe:37006|equipment:generic-i750-hq-five-meld-template-buffed-v1@56d8b966113da626|world:balanced-iid@b2fb02dee0509772|base-seed:20260824|sample:0|max-steps:80|case:7fb34599232c2147	40	trainedFinesse	selected=true	score=0.00615599	completion=0.00000000	quality=0.00000000	undelivered_potential=0.61559942	actions=18.250	route=Some(RoutePlan { intent: QualityBuild, engine: Budgeted, setup: None, consumer: None, interrupt: false })	sources=[Budgeted]	success=Unknown	failure=None	selection_score=0.00615599	samples=8	horizon=40
recommendation	cosmic-expert-mechanics-dfea895986f8|objective:132b7a6cd76194a6|recipe:37006|equipment:generic-i750-hq-five-meld-template-buffed-v1@56d8b966113da626|world:balanced-iid@b2fb02dee0509772|base-seed:20260824|sample:0|max-steps:80|case:7fb34599232c2147	41	trainedFinesse	1191700	2	2	230	230	11468	9103	271	24	12
candidate	cosmic-expert-mechanics-dfea895986f8|objective:132b7a6cd76194a6|recipe:37006|equipment:generic-i750-hq-five-meld-template-buffed-v1@56d8b966113da626|world:balanced-iid@b2fb02dee0509772|base-seed:20260824|sample:0|max-steps:80|case:7fb34599232c2147	41	trainedFinesse	selected=false	score=0.00569950	completion=0.00000000	quality=0.00000000	undelivered_potential=0.56994962	actions=13.750	route=Some(RoutePlan { intent: QualityBuild, engine: Semantic, setup: None, consumer: None, interrupt: false })	sources=[Semantic]	success=Unknown	failure=None	selection_score=0.00563670	samples=8	horizon=39
candidate	cosmic-expert-mechanics-dfea895986f8|objective:132b7a6cd76194a6|recipe:37006|equipment:generic-i750-hq-five-meld-template-buffed-v1@56d8b966113da626|world:balanced-iid@b2fb02dee0509772|base-seed:20260824|sample:0|max-steps:80|case:7fb34599232c2147	41	trainedFinesse	selected=true	score=0.00574956	completion=0.00000000	quality=0.00000000	undelivered_potential=0.57495611	actions=15.000	route=Some(RoutePlan { intent: QualityBuild, engine: Budgeted, setup: None, consumer: None, interrupt: false })	sources=[Budgeted]	success=Unknown	failure=None	selection_score=0.00574956	samples=8	horizon=39
recommendation	cosmic-expert-mechanics-dfea895986f8|objective:132b7a6cd76194a6|recipe:37006|equipment:generic-i750-hq-five-meld-template-buffed-v1@56d8b966113da626|world:balanced-iid@b2fb02dee0509772|base-seed:20260824|sample:0|max-steps:80|case:7fb34599232c2147	42	innovation	1152800	2	4	197	213	11468	10123	239	29	12
candidate	cosmic-expert-mechanics-dfea895986f8|objective:132b7a6cd76194a6|recipe:37006|equipment:generic-i750-hq-five-meld-template-buffed-v1@56d8b966113da626|world:balanced-iid@b2fb02dee0509772|base-seed:20260824|sample:0|max-steps:80|case:7fb34599232c2147	42	innovation	selected=false	score=0.00525622	completion=0.00000000	quality=0.00000000	undelivered_potential=0.52562232	actions=12.250	route=Some(RoutePlan { intent: QualityBuild, engine: Semantic, setup: Some(Innovation), consumer: Some(TrainedFinesse), interrupt: false })	sources=[Semantic]	success=Unknown	failure=None	selection_score=0.00514658	samples=8	horizon=38
candidate	cosmic-expert-mechanics-dfea895986f8|objective:132b7a6cd76194a6|recipe:37006|equipment:generic-i750-hq-five-meld-template-buffed-v1@56d8b966113da626|world:balanced-iid@b2fb02dee0509772|base-seed:20260824|sample:0|max-steps:80|case:7fb34599232c2147	42	innovation	selected=true	score=0.00578606	completion=0.00000000	quality=0.00000000	undelivered_potential=0.57860636	actions=14.375	route=Some(RoutePlan { intent: QualityBuild, engine: Budgeted, setup: Some(Innovation), consumer: Some(TrainedFinesse), interrupt: false })	sources=[Budgeted]	success=Unknown	failure=None	selection_score=0.00578606	samples=8	horizon=38
recommendation	cosmic-expert-mechanics-dfea895986f8|objective:132b7a6cd76194a6|recipe:37006|equipment:generic-i750-hq-five-meld-template-buffed-v1@56d8b966113da626|world:balanced-iid@b2fb02dee0509772|base-seed:20260824|sample:0|max-steps:80|case:7fb34599232c2147	43	trainedFinesse	1213700	3	2	303	303	11468	10123	221	34	52
candidate	cosmic-expert-mechanics-dfea895986f8|objective:132b7a6cd76194a6|recipe:37006|equipment:generic-i750-hq-five-meld-template-buffed-v1@56d8b966113da626|world:balanced-iid@b2fb02dee0509772|base-seed:20260824|sample:0|max-steps:80|case:7fb34599232c2147	43	trainedFinesse	selected=false	score=0.00540986	completion=0.00000000	quality=0.00000000	undelivered_potential=0.54098615	actions=11.875	route=Some(RoutePlan { intent: QualityBuild, engine: Semantic, setup: None, consumer: None, interrupt: false })	sources=[Semantic]	success=Unknown	failure=None	selection_score=0.00536942	samples=8	horizon=37
candidate	cosmic-expert-mechanics-dfea895986f8|objective:132b7a6cd76194a6|recipe:37006|equipment:generic-i750-hq-five-meld-template-buffed-v1@56d8b966113da626|world:balanced-iid@b2fb02dee0509772|base-seed:20260824|sample:0|max-steps:80|case:7fb34599232c2147	43	trainedFinesse	selected=false	score=0.00552978	completion=0.00000000	quality=0.00000000	undelivered_potential=0.55297789	actions=13.000	route=Some(RoutePlan { intent: QualityBuild, engine: Budgeted, setup: None, consumer: None, interrupt: false })	sources=[Budgeted]	success=Unknown	failure=None	selection_score=0.00552978	samples=8	horizon=37
candidate	cosmic-expert-mechanics-dfea895986f8|objective:132b7a6cd76194a6|recipe:37006|equipment:generic-i750-hq-five-meld-template-buffed-v1@56d8b966113da626|world:balanced-iid@b2fb02dee0509772|base-seed:20260824|sample:0|max-steps:80|case:7fb34599232c2147	43	trainedFinesse	selected=true	score=0.00552978	completion=0.00000000	quality=0.00000000	undelivered_potential=0.55297789	actions=13.000	route=Some(RoutePlan { intent: QualityBuild, engine: Budgeted, setup: None, consumer: None, interrupt: false })	sources=[Route]	success=Unknown	failure=None	selection_score=0.00552978	samples=8	horizon=37
recommendation	cosmic-expert-mechanics-dfea895986f8|objective:132b7a6cd76194a6|recipe:37006|equipment:generic-i750-hq-five-meld-template-buffed-v1@56d8b966113da626|world:balanced-iid@b2fb02dee0509772|base-seed:20260824|sample:0|max-steps:80|case:7fb34599232c2147	44	trainedFinesse	830900	2	2	176	176	11468	11143	189	34	8
candidate	cosmic-expert-mechanics-dfea895986f8|objective:132b7a6cd76194a6|recipe:37006|equipment:generic-i750-hq-five-meld-template-buffed-v1@56d8b966113da626|world:balanced-iid@b2fb02dee0509772|base-seed:20260824|sample:0|max-steps:80|case:7fb34599232c2147	44	trainedFinesse	selected=false	score=0.00467892	completion=0.00000000	quality=0.00000000	undelivered_potential=0.46789219	actions=10.875	route=Some(RoutePlan { intent: QualityBuild, engine: Semantic, setup: None, consumer: None, interrupt: false })	sources=[Semantic]	success=Unknown	failure=None	selection_score=0.00459357	samples=8	horizon=36
candidate	cosmic-expert-mechanics-dfea895986f8|objective:132b7a6cd76194a6|recipe:37006|equipment:generic-i750-hq-five-meld-template-buffed-v1@56d8b966113da626|world:balanced-iid@b2fb02dee0509772|base-seed:20260824|sample:0|max-steps:80|case:7fb34599232c2147	44	trainedFinesse	selected=true	score=0.00471790	completion=0.00000000	quality=0.00000000	undelivered_potential=0.47179038	actions=11.125	route=Some(RoutePlan { intent: QualityBuild, engine: Budgeted, setup: None, consumer: None, interrupt: false })	sources=[Budgeted]	success=Unknown	failure=None	selection_score=0.00471790	samples=8	horizon=36
recommendation	cosmic-expert-mechanics-dfea895986f8|objective:132b7a6cd76194a6|recipe:37006|equipment:generic-i750-hq-five-meld-template-buffed-v1@56d8b966113da626|world:balanced-iid@b2fb02dee0509772|base-seed:20260824|sample:0|max-steps:80|case:7fb34599232c2147	45	tricksOfTheTrade	1501500	5	2	351	359	11468	12163	157	34	28
candidate	cosmic-expert-mechanics-dfea895986f8|objective:132b7a6cd76194a6|recipe:37006|equipment:generic-i750-hq-five-meld-template-buffed-v1@56d8b966113da626|world:balanced-iid@b2fb02dee0509772|base-seed:20260824|sample:0|max-steps:80|case:7fb34599232c2147	45	preciseTouch	selected=false	score=0.00509966	completion=0.00000000	quality=0.00000000	undelivered_potential=0.50996610	actions=8.625	route=Some(RoutePlan { intent: QualityBuild, engine: Semantic, setup: None, consumer: None, interrupt: false })	sources=[Semantic]	success=Unknown	failure=None	selection_score=0.00498402	samples=8	horizon=35
candidate	cosmic-expert-mechanics-dfea895986f8|objective:132b7a6cd76194a6|recipe:37006|equipment:generic-i750-hq-five-meld-template-buffed-v1@56d8b966113da626|world:balanced-iid@b2fb02dee0509772|base-seed:20260824|sample:0|max-steps:80|case:7fb34599232c2147	45	preciseTouch	selected=false	score=0.00532334	completion=0.00000000	quality=0.00000000	undelivered_potential=0.53233406	actions=11.000	route=Some(RoutePlan { intent: QualityBuild, engine: Budgeted, setup: None, consumer: None, interrupt: false })	sources=[Budgeted]	success=Unknown	failure=None	selection_score=0.00532334	samples=8	horizon=35
candidate	cosmic-expert-mechanics-dfea895986f8|objective:132b7a6cd76194a6|recipe:37006|equipment:generic-i750-hq-five-meld-template-buffed-v1@56d8b966113da626|world:balanced-iid@b2fb02dee0509772|base-seed:20260824|sample:0|max-steps:80|case:7fb34599232c2147	45	preciseTouch	selected=false	score=0.00532334	completion=0.00000000	quality=0.00000000	undelivered_potential=0.53233406	actions=11.000	route=Some(RoutePlan { intent: QualityBuild, engine: Budgeted, setup: None, consumer: None, interrupt: true })	sources=[Condition]	success=Unknown	failure=None	selection_score=0.00532334	samples=8	horizon=35
candidate	cosmic-expert-mechanics-dfea895986f8|objective:132b7a6cd76194a6|recipe:37006|equipment:generic-i750-hq-five-meld-template-buffed-v1@56d8b966113da626|world:balanced-iid@b2fb02dee0509772|base-seed:20260824|sample:0|max-steps:80|case:7fb34599232c2147	45	intensiveSynthesis	selected=false	score=0.00259182	completion=0.00000000	quality=0.00000000	undelivered_potential=0.25918176	actions=1.000	route=Some(RoutePlan { intent: Finish, engine: Budgeted, setup: None, consumer: None, interrupt: true })	sources=[Condition]	success=TerminalFailure	failure=None	selection_score=0.00244496	samples=8	horizon=35
candidate	cosmic-expert-mechanics-dfea895986f8|objective:132b7a6cd76194a6|recipe:37006|equipment:generic-i750-hq-five-meld-template-buffed-v1@56d8b966113da626|world:balanced-iid@b2fb02dee0509772|base-seed:20260824|sample:0|max-steps:80|case:7fb34599232c2147	45	tricksOfTheTrade	selected=true	score=0.00550071	completion=0.00000000	quality=0.00000000	undelivered_potential=0.55007091	actions=13.250	route=Some(RoutePlan { intent: Recovery, engine: Budgeted, setup: None, consumer: None, interrupt: true })	sources=[Condition]	success=Unknown	failure=None	selection_score=0.00539209	samples=8	horizon=35
recommendation	cosmic-expert-mechanics-dfea895986f8|objective:132b7a6cd76194a6|recipe:37006|equipment:generic-i750-hq-five-meld-template-buffed-v1@56d8b966113da626|world:balanced-iid@b2fb02dee0509772|base-seed:20260824|sample:0|max-steps:80|case:7fb34599232c2147	46	innovation	790100	2	4	142	158	11468	12163	177	34	6
candidate	cosmic-expert-mechanics-dfea895986f8|objective:132b7a6cd76194a6|recipe:37006|equipment:generic-i750-hq-five-meld-template-buffed-v1@56d8b966113da626|world:balanced-iid@b2fb02dee0509772|base-seed:20260824|sample:0|max-steps:80|case:7fb34599232c2147	46	innovation	selected=false	score=0.00500526	completion=0.00000000	quality=0.00000000	undelivered_potential=0.50052630	actions=8.625	route=Some(RoutePlan { intent: QualityBuild, engine: Semantic, setup: Some(Innovation), consumer: Some(TrainedFinesse), interrupt: false })	sources=[Semantic]	success=Unknown	failure=None	selection_score=0.00494489	samples=8	horizon=34
candidate	cosmic-expert-mechanics-dfea895986f8|objective:132b7a6cd76194a6|recipe:37006|equipment:generic-i750-hq-five-meld-template-buffed-v1@56d8b966113da626|world:balanced-iid@b2fb02dee0509772|base-seed:20260824|sample:0|max-steps:80|case:7fb34599232c2147	46	innovation	selected=true	score=0.00517692	completion=0.00000000	quality=0.00000000	undelivered_potential=0.51769208	actions=11.125	route=Some(RoutePlan { intent: QualityBuild, engine: Budgeted, setup: Some(Innovation), consumer: Some(TrainedFinesse), interrupt: false })	sources=[Budgeted]	success=Unknown	failure=None	selection_score=0.00517692	samples=8	horizon=34
recommendation	cosmic-expert-mechanics-dfea895986f8|objective:132b7a6cd76194a6|recipe:37006|equipment:generic-i750-hq-five-meld-template-buffed-v1@56d8b966113da626|world:balanced-iid@b2fb02dee0509772|base-seed:20260824|sample:0|max-steps:80|case:7fb34599232c2147	47	trainedFinesse	948300	3	2	241	241	11468	12163	159	34	20
candidate	cosmic-expert-mechanics-dfea895986f8|objective:132b7a6cd76194a6|recipe:37006|equipment:generic-i750-hq-five-meld-template-buffed-v1@56d8b966113da626|world:balanced-iid@b2fb02dee0509772|base-seed:20260824|sample:0|max-steps:80|case:7fb34599232c2147	47	trainedFinesse	selected=false	score=0.00480925	completion=0.00000000	quality=0.00000000	undelivered_potential=0.48092482	actions=8.875	route=Some(RoutePlan { intent: QualityBuild, engine: Semantic, setup: None, consumer: None, interrupt: false })	sources=[Semantic]	success=Unknown	failure=None	selection_score=0.00468535	samples=8	horizon=33
candidate	cosmic-expert-mechanics-dfea895986f8|objective:132b7a6cd76194a6|recipe:37006|equipment:generic-i750-hq-five-meld-template-buffed-v1@56d8b966113da626|world:balanced-iid@b2fb02dee0509772|base-seed:20260824|sample:0|max-steps:80|case:7fb34599232c2147	47	trainedFinesse	selected=false	score=0.00500842	completion=0.00000000	quality=0.00000000	undelivered_potential=0.50084210	actions=10.625	route=Some(RoutePlan { intent: QualityBuild, engine: Budgeted, setup: None, consumer: None, interrupt: false })	sources=[Budgeted]	success=Unknown	failure=None	selection_score=0.00500842	samples=8	horizon=33
candidate	cosmic-expert-mechanics-dfea895986f8|objective:132b7a6cd76194a6|recipe:37006|equipment:generic-i750-hq-five-meld-template-buffed-v1@56d8b966113da626|world:balanced-iid@b2fb02dee0509772|base-seed:20260824|sample:0|max-steps:80|case:7fb34599232c2147	47	trainedFinesse	selected=true	score=0.00500842	completion=0.00000000	quality=0.00000000	undelivered_potential=0.50084210	actions=10.625	route=Some(RoutePlan { intent: QualityBuild, engine: Budgeted, setup: None, consumer: None, interrupt: false })	sources=[Route]	success=Unknown	failure=None	selection_score=0.00500842	samples=8	horizon=33
recommendation	cosmic-expert-mechanics-dfea895986f8|objective:132b7a6cd76194a6|recipe:37006|equipment:generic-i750-hq-five-meld-template-buffed-v1@56d8b966113da626|world:balanced-iid@b2fb02dee0509772|base-seed:20260824|sample:0|max-steps:80|case:7fb34599232c2147	48	preciseTouch	1220800	5	2	237	245	11468	13183	127	34	20
candidate	cosmic-expert-mechanics-dfea895986f8|objective:132b7a6cd76194a6|recipe:37006|equipment:generic-i750-hq-five-meld-template-buffed-v1@56d8b966113da626|world:balanced-iid@b2fb02dee0509772|base-seed:20260824|sample:0|max-steps:80|case:7fb34599232c2147	48	preciseTouch	selected=true	score=0.00544012	completion=0.00000000	quality=0.00000000	undelivered_potential=0.54401206	actions=5.500	route=Some(RoutePlan { intent: QualityBuild, engine: Semantic, setup: None, consumer: None, interrupt: false })	sources=[Semantic]	success=Unknown	failure=None	selection_score=0.00539168	samples=8	horizon=32
candidate	cosmic-expert-mechanics-dfea895986f8|objective:132b7a6cd76194a6|recipe:37006|equipment:generic-i750-hq-five-meld-template-buffed-v1@56d8b966113da626|world:balanced-iid@b2fb02dee0509772|base-seed:20260824|sample:0|max-steps:80|case:7fb34599232c2147	48	preciseTouch	selected=false	score=0.00525786	completion=0.00000000	quality=0.00000000	undelivered_potential=0.52578620	actions=7.000	route=Some(RoutePlan { intent: QualityBuild, engine: Budgeted, setup: None, consumer: None, interrupt: false })	sources=[Budgeted]	success=Unknown	failure=None	selection_score=0.00525786	samples=8	horizon=32
candidate	cosmic-expert-mechanics-dfea895986f8|objective:132b7a6cd76194a6|recipe:37006|equipment:generic-i750-hq-five-meld-template-buffed-v1@56d8b966113da626|world:balanced-iid@b2fb02dee0509772|base-seed:20260824|sample:0|max-steps:80|case:7fb34599232c2147	48	preciseTouch	selected=false	score=0.00525786	completion=0.00000000	quality=0.00000000	undelivered_potential=0.52578620	actions=7.000	route=Some(RoutePlan { intent: QualityBuild, engine: Budgeted, setup: None, consumer: None, interrupt: true })	sources=[Condition]	success=Unknown	failure=None	selection_score=0.00525786	samples=8	horizon=32
candidate	cosmic-expert-mechanics-dfea895986f8|objective:132b7a6cd76194a6|recipe:37006|equipment:generic-i750-hq-five-meld-template-buffed-v1@56d8b966113da626|world:balanced-iid@b2fb02dee0509772|base-seed:20260824|sample:0|max-steps:80|case:7fb34599232c2147	48	intensiveSynthesis	selected=false	score=0.00287361	completion=0.00000000	quality=0.00000000	undelivered_potential=0.28736132	actions=1.000	route=Some(RoutePlan { intent: Finish, engine: Budgeted, setup: None, consumer: None, interrupt: true })	sources=[Condition]	success=TerminalFailure	failure=None	selection_score=0.00278082	samples=8	horizon=32
candidate	cosmic-expert-mechanics-dfea895986f8|objective:132b7a6cd76194a6|recipe:37006|equipment:generic-i750-hq-five-meld-template-buffed-v1@56d8b966113da626|world:balanced-iid@b2fb02dee0509772|base-seed:20260824|sample:0|max-steps:80|case:7fb34599232c2147	48	tricksOfTheTrade	selected=false	score=0.00531517	completion=0.00000000	quality=0.00000000	undelivered_potential=0.53151692	actions=10.125	route=Some(RoutePlan { intent: Recovery, engine: Budgeted, setup: None, consumer: None, interrupt: true })	sources=[Condition]	success=Unknown	failure=None	selection_score=0.00519984	samples=8	horizon=32
recommendation	cosmic-expert-mechanics-dfea895986f8|objective:132b7a6cd76194a6|recipe:37006|equipment:generic-i750-hq-five-meld-template-buffed-v1@56d8b966113da626|world:balanced-iid@b2fb02dee0509772|base-seed:20260824|sample:0|max-steps:80|case:7fb34599232c2147	49	trainedFinesse	950500	2	2	145	145	11468	15860	109	24	10
candidate	cosmic-expert-mechanics-dfea895986f8|objective:132b7a6cd76194a6|recipe:37006|equipment:generic-i750-hq-five-meld-template-buffed-v1@56d8b966113da626|world:balanced-iid@b2fb02dee0509772|base-seed:20260824|sample:0|max-steps:80|case:7fb34599232c2147	49	trainedFinesse	selected=false	score=0.00530343	completion=0.00000000	quality=0.00000000	undelivered_potential=0.53034295	actions=7.500	route=Some(RoutePlan { intent: QualityBuild, engine: Semantic, setup: None, consumer: None, interrupt: false })	sources=[Semantic]	success=Unknown	failure=None	selection_score=0.00530343	samples=8	horizon=31
candidate	cosmic-expert-mechanics-dfea895986f8|objective:132b7a6cd76194a6|recipe:37006|equipment:generic-i750-hq-five-meld-template-buffed-v1@56d8b966113da626|world:balanced-iid@b2fb02dee0509772|base-seed:20260824|sample:0|max-steps:80|case:7fb34599232c2147	49	trainedFinesse	selected=true	score=0.00559423	completion=0.00000000	quality=0.00000000	undelivered_potential=0.55942255	actions=10.625	route=Some(RoutePlan { intent: QualityBuild, engine: Budgeted, setup: None, consumer: None, interrupt: false })	sources=[Budgeted]	success=Unknown	failure=None	selection_score=0.00549426	samples=8	horizon=31
recommendation	cosmic-expert-mechanics-dfea895986f8|objective:132b7a6cd76194a6|recipe:37006|equipment:generic-i750-hq-five-meld-template-buffed-v1@56d8b966113da626|world:balanced-iid@b2fb02dee0509772|base-seed:20260824|sample:0|max-steps:80|case:7fb34599232c2147	50	preciseTouch	1133300	5	2	186	194	11468	16880	77	24	24
candidate	cosmic-expert-mechanics-dfea895986f8|objective:132b7a6cd76194a6|recipe:37006|equipment:generic-i750-hq-five-meld-template-buffed-v1@56d8b966113da626|world:balanced-iid@b2fb02dee0509772|base-seed:20260824|sample:0|max-steps:80|case:7fb34599232c2147	50	preciseTouch	selected=true	score=0.00562850	completion=0.00000000	quality=0.00000000	undelivered_potential=0.56284968	actions=3.500	route=Some(RoutePlan { intent: QualityBuild, engine: Semantic, setup: None, consumer: None, interrupt: false })	sources=[Semantic]	success=Unknown	failure=None	selection_score=0.00558948	samples=8	horizon=30
candidate	cosmic-expert-mechanics-dfea895986f8|objective:132b7a6cd76194a6|recipe:37006|equipment:generic-i750-hq-five-meld-template-buffed-v1@56d8b966113da626|world:balanced-iid@b2fb02dee0509772|base-seed:20260824|sample:0|max-steps:80|case:7fb34599232c2147	50	preciseTouch	selected=false	score=0.00553783	completion=0.00000000	quality=0.00000000	undelivered_potential=0.55378287	actions=4.875	route=Some(RoutePlan { intent: QualityBuild, engine: Budgeted, setup: None, consumer: None, interrupt: false })	sources=[Budgeted]	success=Unknown	failure=None	selection_score=0.00553783	samples=8	horizon=30
candidate	cosmic-expert-mechanics-dfea895986f8|objective:132b7a6cd76194a6|recipe:37006|equipment:generic-i750-hq-five-meld-template-buffed-v1@56d8b966113da626|world:balanced-iid@b2fb02dee0509772|base-seed:20260824|sample:0|max-steps:80|case:7fb34599232c2147	50	preciseTouch	selected=false	score=0.00553783	completion=0.00000000	quality=0.00000000	undelivered_potential=0.55378287	actions=4.875	route=Some(RoutePlan { intent: QualityBuild, engine: Budgeted, setup: None, consumer: None, interrupt: true })	sources=[Condition]	success=Unknown	failure=None	selection_score=0.00553783	samples=8	horizon=30
candidate	cosmic-expert-mechanics-dfea895986f8|objective:132b7a6cd76194a6|recipe:37006|equipment:generic-i750-hq-five-meld-template-buffed-v1@56d8b966113da626|world:balanced-iid@b2fb02dee0509772|base-seed:20260824|sample:0|max-steps:80|case:7fb34599232c2147	50	intensiveSynthesis	selected=false	score=0.00397856	completion=0.00000000	quality=0.00000000	undelivered_potential=0.39785601	actions=1.000	route=Some(RoutePlan { intent: Finish, engine: Budgeted, setup: None, consumer: None, interrupt: true })	sources=[Condition]	success=TerminalFailure	failure=None	selection_score=0.00388421	samples=8	horizon=30
candidate	cosmic-expert-mechanics-dfea895986f8|objective:132b7a6cd76194a6|recipe:37006|equipment:generic-i750-hq-five-meld-template-buffed-v1@56d8b966113da626|world:balanced-iid@b2fb02dee0509772|base-seed:20260824|sample:0|max-steps:80|case:7fb34599232c2147	50	tricksOfTheTrade	selected=false	score=0.00531363	completion=0.00000000	quality=0.00000000	undelivered_potential=0.53136269	actions=10.000	route=Some(RoutePlan { intent: Recovery, engine: Budgeted, setup: None, consumer: None, interrupt: true })	sources=[Condition]	success=Unknown	failure=None	selection_score=0.00522468	samples=8	horizon=30
recommendation	cosmic-expert-mechanics-dfea895986f8|objective:132b7a6cd76194a6|recipe:37006|equipment:generic-i750-hq-five-meld-template-buffed-v1@56d8b966113da626|world:balanced-iid@b2fb02dee0509772|base-seed:20260824|sample:0|max-steps:80|case:7fb34599232c2147	51	hastyTouch	777700	2	2	138	138	11468	19557	59	14	18
candidate	cosmic-expert-mechanics-dfea895986f8|objective:132b7a6cd76194a6|recipe:37006|equipment:generic-i750-hq-five-meld-template-buffed-v1@56d8b966113da626|world:balanced-iid@b2fb02dee0509772|base-seed:20260824|sample:0|max-steps:80|case:7fb34599232c2147	51	hastyTouch	selected=false	score=0.00525656	completion=0.00000000	quality=0.00000000	undelivered_potential=0.52565612	actions=2.725	route=Some(RoutePlan { intent: QualityBuild, engine: Semantic, setup: None, consumer: None, interrupt: false })	sources=[Semantic]	success=Unknown	failure=Some((0.4, Unknown))	selection_score=0.00525656	samples=8	horizon=29
candidate	cosmic-expert-mechanics-dfea895986f8|objective:132b7a6cd76194a6|recipe:37006|equipment:generic-i750-hq-five-meld-template-buffed-v1@56d8b966113da626|world:balanced-iid@b2fb02dee0509772|base-seed:20260824|sample:0|max-steps:80|case:7fb34599232c2147	51	hastyTouch	selected=true	score=0.00557276	completion=0.00000000	quality=0.00000000	undelivered_potential=0.55727640	actions=5.875	route=Some(RoutePlan { intent: QualityBuild, engine: Budgeted, setup: None, consumer: None, interrupt: false })	sources=[Budgeted]	success=Unknown	failure=Some((0.4, Unknown))	selection_score=0.00547555	samples=8	horizon=29
recommendation	cosmic-expert-mechanics-dfea895986f8|objective:132b7a6cd76194a6|recipe:37006|equipment:generic-i750-hq-five-meld-template-buffed-v1@56d8b966113da626|world:balanced-iid@b2fb02dee0509772|base-seed:20260824|sample:0|max-steps:80|case:7fb34599232c2147	52	immaculateMend	736600	3	2	193	193	11468	20237	59	4	9
candidate	cosmic-expert-mechanics-dfea895986f8|objective:132b7a6cd76194a6|recipe:37006|equipment:generic-i750-hq-five-meld-template-buffed-v1@56d8b966113da626|world:balanced-iid@b2fb02dee0509772|base-seed:20260824|sample:0|max-steps:80|case:7fb34599232c2147	52	mastersMend	selected=false	score=0.00576531	completion=0.00000000	quality=0.00000000	undelivered_potential=0.57653090	actions=5.125	route=Some(RoutePlan { intent: Recovery, engine: Semantic, setup: None, consumer: None, interrupt: false })	sources=[Semantic]	success=Unknown	failure=None	selection_score=0.00569077	samples=8	horizon=28
candidate	cosmic-expert-mechanics-dfea895986f8|objective:132b7a6cd76194a6|recipe:37006|equipment:generic-i750-hq-five-meld-template-buffed-v1@56d8b966113da626|world:balanced-iid@b2fb02dee0509772|base-seed:20260824|sample:0|max-steps:80|case:7fb34599232c2147	52	immaculateMend	selected=false	score=0.00663050	completion=0.00000000	quality=0.00000000	undelivered_potential=0.66304979	actions=9.500	route=Some(RoutePlan { intent: Recovery, engine: Budgeted, setup: None, consumer: None, interrupt: false })	sources=[Budgeted]	success=Unknown	failure=None	selection_score=0.00663050	samples=8	horizon=28
candidate	cosmic-expert-mechanics-dfea895986f8|objective:132b7a6cd76194a6|recipe:37006|equipment:generic-i750-hq-five-meld-template-buffed-v1@56d8b966113da626|world:balanced-iid@b2fb02dee0509772|base-seed:20260824|sample:0|max-steps:80|case:7fb34599232c2147	52	immaculateMend	selected=true	score=0.00663050	completion=0.00000000	quality=0.00000000	undelivered_potential=0.66304979	actions=9.500	route=Some(RoutePlan { intent: Recovery, engine: Budgeted, setup: None, consumer: None, interrupt: true })	sources=[Resource]	success=Unknown	failure=None	selection_score=0.00663050	samples=8	horizon=28
recommendation	cosmic-expert-mechanics-dfea895986f8|objective:132b7a6cd76194a6|recipe:37006|equipment:generic-i750-hq-five-meld-template-buffed-v1@56d8b966113da626|world:balanced-iid@b2fb02dee0509772|base-seed:20260824|sample:0|max-steps:80|case:7fb34599232c2147	53	tricksOfTheTrade	724500	3	2	214	214	11468	20237	3	65	23
candidate	cosmic-expert-mechanics-dfea895986f8|objective:132b7a6cd76194a6|recipe:37006|equipment:generic-i750-hq-five-meld-template-buffed-v1@56d8b966113da626|world:balanced-iid@b2fb02dee0509772|base-seed:20260824|sample:0|max-steps:80|case:7fb34599232c2147	53	tricksOfTheTrade	selected=false	score=0.00663749	completion=0.00000000	quality=0.00000000	undelivered_potential=0.66374888	actions=8.000	route=Some(RoutePlan { intent: Recovery, engine: Semantic, setup: None, consumer: None, interrupt: false })	sources=[Semantic]	success=Unknown	failure=None	selection_score=0.00661178	samples=8	horizon=27
candidate	cosmic-expert-mechanics-dfea895986f8|objective:132b7a6cd76194a6|recipe:37006|equipment:generic-i750-hq-five-meld-template-buffed-v1@56d8b966113da626|world:balanced-iid@b2fb02dee0509772|base-seed:20260824|sample:0|max-steps:80|case:7fb34599232c2147	53	tricksOfTheTrade	selected=false	score=0.00677352	completion=0.00000000	quality=0.00000000	undelivered_potential=0.67735227	actions=9.375	route=Some(RoutePlan { intent: Recovery, engine: Budgeted, setup: None, consumer: None, interrupt: false })	sources=[Budgeted]	success=Unknown	failure=None	selection_score=0.00677352	samples=8	horizon=27
candidate	cosmic-expert-mechanics-dfea895986f8|objective:132b7a6cd76194a6|recipe:37006|equipment:generic-i750-hq-five-meld-template-buffed-v1@56d8b966113da626|world:balanced-iid@b2fb02dee0509772|base-seed:20260824|sample:0|max-steps:80|case:7fb34599232c2147	53	tricksOfTheTrade	selected=true	score=0.00677352	completion=0.00000000	quality=0.00000000	undelivered_potential=0.67735227	actions=9.375	route=Some(RoutePlan { intent: Recovery, engine: Budgeted, setup: None, consumer: None, interrupt: true })	sources=[Condition]	success=Unknown	failure=None	selection_score=0.00677352	samples=8	horizon=27
recommendation	cosmic-expert-mechanics-dfea895986f8|objective:132b7a6cd76194a6|recipe:37006|equipment:generic-i750-hq-five-meld-template-buffed-v1@56d8b966113da626|world:balanced-iid@b2fb02dee0509772|base-seed:20260824|sample:0|max-steps:80|case:7fb34599232c2147	54	hastyTouch	812300	2	2	216	216	11468	20237	23	65	14
candidate	cosmic-expert-mechanics-dfea895986f8|objective:132b7a6cd76194a6|recipe:37006|equipment:generic-i750-hq-five-meld-template-buffed-v1@56d8b966113da626|world:balanced-iid@b2fb02dee0509772|base-seed:20260824|sample:0|max-steps:80|case:7fb34599232c2147	54	hastyTouch	selected=false	score=0.00646022	completion=0.00000000	quality=0.00000000	undelivered_potential=0.64602191	actions=6.250	route=Some(RoutePlan { intent: QualityBuild, engine: Semantic, setup: None, consumer: None, interrupt: false })	sources=[Semantic]	success=Unknown	failure=Some((0.4, Unknown))	selection_score=0.00643885	samples=8	horizon=26
candidate	cosmic-expert-mechanics-dfea895986f8|objective:132b7a6cd76194a6|recipe:37006|equipment:generic-i750-hq-five-meld-template-buffed-v1@56d8b966113da626|world:balanced-iid@b2fb02dee0509772|base-seed:20260824|sample:0|max-steps:80|case:7fb34599232c2147	54	hastyTouch	selected=true	score=0.00665214	completion=0.00000000	quality=0.00000000	undelivered_potential=0.66521428	actions=7.250	route=Some(RoutePlan { intent: QualityBuild, engine: Budgeted, setup: None, consumer: None, interrupt: false })	sources=[Budgeted]	success=Unknown	failure=Some((0.4, Unknown))	selection_score=0.00665214	samples=8	horizon=26
recommendation	cosmic-expert-mechanics-dfea895986f8|objective:132b7a6cd76194a6|recipe:37006|equipment:generic-i750-hq-five-meld-template-buffed-v1@56d8b966113da626|world:balanced-iid@b2fb02dee0509772|base-seed:20260824|sample:0|max-steps:80|case:7fb34599232c2147	55	hastyTouch	891400	2	2	220	220	11468	20237	23	55	19
candidate	cosmic-expert-mechanics-dfea895986f8|objective:132b7a6cd76194a6|recipe:37006|equipment:generic-i750-hq-five-meld-template-buffed-v1@56d8b966113da626|world:balanced-iid@b2fb02dee0509772|base-seed:20260824|sample:0|max-steps:80|case:7fb34599232c2147	55	hastyTouch	selected=false	score=0.00627423	completion=0.00000000	quality=0.00000000	undelivered_potential=0.62742289	actions=5.500	route=Some(RoutePlan { intent: QualityBuild, engine: Semantic, setup: None, consumer: None, interrupt: false })	sources=[Semantic]	success=Unknown	failure=Some((0.4, Unknown))	selection_score=0.00625526	samples=8	horizon=25
candidate	cosmic-expert-mechanics-dfea895986f8|objective:132b7a6cd76194a6|recipe:37006|equipment:generic-i750-hq-five-meld-template-buffed-v1@56d8b966113da626|world:balanced-iid@b2fb02dee0509772|base-seed:20260824|sample:0|max-steps:80|case:7fb34599232c2147	55	hastyTouch	selected=true	score=0.00641743	completion=0.00000000	quality=0.00000000	undelivered_potential=0.64174327	actions=8.250	route=Some(RoutePlan { intent: QualityBuild, engine: Budgeted, setup: None, consumer: None, interrupt: false })	sources=[Budgeted]	success=Unknown	failure=Some((0.4, Unknown))	selection_score=0.00641743	samples=8	horizon=25
recommendation	cosmic-expert-mechanics-dfea895986f8|objective:132b7a6cd76194a6|recipe:37006|equipment:generic-i750-hq-five-meld-template-buffed-v1@56d8b966113da626|world:balanced-iid@b2fb02dee0509772|base-seed:20260824|sample:0|max-steps:80|case:7fb34599232c2147	56	daringTouch	744800	2	2	198	198	11468	20917	23	45	16
candidate	cosmic-expert-mechanics-dfea895986f8|objective:132b7a6cd76194a6|recipe:37006|equipment:generic-i750-hq-five-meld-template-buffed-v1@56d8b966113da626|world:balanced-iid@b2fb02dee0509772|base-seed:20260824|sample:0|max-steps:80|case:7fb34599232c2147	56	hastyTouch	selected=false	score=0.00621555	completion=0.00000000	quality=0.00000000	undelivered_potential=0.62155527	actions=4.875	route=Some(RoutePlan { intent: QualityBuild, engine: Semantic, setup: None, consumer: None, interrupt: false })	sources=[Semantic]	success=Unknown	failure=Some((0.4, Unknown))	selection_score=0.00610483	samples=8	horizon=24
candidate	cosmic-expert-mechanics-dfea895986f8|objective:132b7a6cd76194a6|recipe:37006|equipment:generic-i750-hq-five-meld-template-buffed-v1@56d8b966113da626|world:balanced-iid@b2fb02dee0509772|base-seed:20260824|sample:0|max-steps:80|case:7fb34599232c2147	56	daringTouch	selected=true	score=0.00647179	completion=0.00000000	quality=0.00000000	undelivered_potential=0.64717917	actions=7.500	route=Some(RoutePlan { intent: QualityBuild, engine: Budgeted, setup: None, consumer: None, interrupt: false })	sources=[Budgeted]	success=Unknown	failure=Some((0.4, Unknown))	selection_score=0.00647179	samples=8	horizon=24
recommendation	cosmic-expert-mechanics-dfea895986f8|objective:132b7a6cd76194a6|recipe:37006|equipment:generic-i750-hq-five-meld-template-buffed-v1@56d8b966113da626|world:balanced-iid@b2fb02dee0509772|base-seed:20260824|sample:0|max-steps:80|case:7fb34599232c2147	57	hastyTouch	503900	2	2	148	148	11468	21937	23	35	50
candidate	cosmic-expert-mechanics-dfea895986f8|objective:132b7a6cd76194a6|recipe:37006|equipment:generic-i750-hq-five-meld-template-buffed-v1@56d8b966113da626|world:balanced-iid@b2fb02dee0509772|base-seed:20260824|sample:0|max-steps:80|case:7fb34599232c2147	57	hastyTouch	selected=true	score=0.00675797	completion=0.00000000	quality=0.00000000	undelivered_potential=0.67579708	actions=3.875	route=Some(RoutePlan { intent: QualityBuild, engine: Semantic, setup: None, consumer: None, interrupt: false })	sources=[Semantic]	success=Unknown	failure=Some((0.4, Unknown))	selection_score=0.00674142	samples=8	horizon=23
candidate	cosmic-expert-mechanics-dfea895986f8|objective:132b7a6cd76194a6|recipe:37006|equipment:generic-i750-hq-five-meld-template-buffed-v1@56d8b966113da626|world:balanced-iid@b2fb02dee0509772|base-seed:20260824|sample:0|max-steps:80|case:7fb34599232c2147	57	hastyTouch	selected=false	score=0.00672488	completion=0.00000000	quality=0.00000000	undelivered_potential=0.67248765	actions=5.375	route=Some(RoutePlan { intent: QualityBuild, engine: Budgeted, setup: None, consumer: None, interrupt: false })	sources=[Budgeted]	success=Unknown	failure=Some((0.4, Unknown))	selection_score=0.00672488	samples=8	horizon=23
recommendation	cosmic-expert-mechanics-dfea895986f8|objective:132b7a6cd76194a6|recipe:37006|equipment:generic-i750-hq-five-meld-template-buffed-v1@56d8b966113da626|world:balanced-iid@b2fb02dee0509772|base-seed:20260824|sample:0|max-steps:80|case:7fb34599232c2147	58	preciseTouch	461200	5	2	123	131	11468	22617	23	25	32
candidate	cosmic-expert-mechanics-dfea895986f8|objective:132b7a6cd76194a6|recipe:37006|equipment:generic-i750-hq-five-meld-template-buffed-v1@56d8b966113da626|world:balanced-iid@b2fb02dee0509772|base-seed:20260824|sample:0|max-steps:80|case:7fb34599232c2147	58	preciseTouch	selected=true	score=0.00686436	completion=0.00000000	quality=0.00000000	undelivered_potential=0.68643603	actions=2.500	route=Some(RoutePlan { intent: QualityBuild, engine: Semantic, setup: None, consumer: None, interrupt: false })	sources=[Semantic]	success=Unknown	failure=None	selection_score=0.00686436	samples=8	horizon=22
candidate	cosmic-expert-mechanics-dfea895986f8|objective:132b7a6cd76194a6|recipe:37006|equipment:generic-i750-hq-five-meld-template-buffed-v1@56d8b966113da626|world:balanced-iid@b2fb02dee0509772|base-seed:20260824|sample:0|max-steps:80|case:7fb34599232c2147	58	preciseTouch	selected=false	score=0.00686436	completion=0.00000000	quality=0.00000000	undelivered_potential=0.68643603	actions=3.625	route=Some(RoutePlan { intent: QualityBuild, engine: Budgeted, setup: None, consumer: None, interrupt: false })	sources=[Budgeted]	success=Unknown	failure=None	selection_score=0.00686436	samples=8	horizon=22
candidate	cosmic-expert-mechanics-dfea895986f8|objective:132b7a6cd76194a6|recipe:37006|equipment:generic-i750-hq-five-meld-template-buffed-v1@56d8b966113da626|world:balanced-iid@b2fb02dee0509772|base-seed:20260824|sample:0|max-steps:80|case:7fb34599232c2147	58	preciseTouch	selected=false	score=0.00686436	completion=0.00000000	quality=0.00000000	undelivered_potential=0.68643603	actions=3.625	route=Some(RoutePlan { intent: QualityBuild, engine: Budgeted, setup: None, consumer: None, interrupt: true })	sources=[Condition]	success=Unknown	failure=None	selection_score=0.00686436	samples=8	horizon=22
candidate	cosmic-expert-mechanics-dfea895986f8|objective:132b7a6cd76194a6|recipe:37006|equipment:generic-i750-hq-five-meld-template-buffed-v1@56d8b966113da626|world:balanced-iid@b2fb02dee0509772|base-seed:20260824|sample:0|max-steps:80|case:7fb34599232c2147	58	intensiveSynthesis	selected=false	score=0.00595260	completion=0.00000000	quality=0.00000000	undelivered_potential=0.59526009	actions=1.000	route=Some(RoutePlan { intent: Finish, engine: Budgeted, setup: None, consumer: None, interrupt: true })	sources=[Condition]	success=TerminalFailure	failure=None	selection_score=0.00593594	samples=8	horizon=22
candidate	cosmic-expert-mechanics-dfea895986f8|objective:132b7a6cd76194a6|recipe:37006|equipment:generic-i750-hq-five-meld-template-buffed-v1@56d8b966113da626|world:balanced-iid@b2fb02dee0509772|base-seed:20260824|sample:0|max-steps:80|case:7fb34599232c2147	58	tricksOfTheTrade	selected=false	score=0.00668349	completion=0.00000000	quality=0.00000000	undelivered_potential=0.66834944	actions=5.625	route=Some(RoutePlan { intent: Recovery, engine: Budgeted, setup: None, consumer: None, interrupt: true })	sources=[Condition]	success=Unknown	failure=None	selection_score=0.00663696	samples=8	horizon=22
recommendation	cosmic-expert-mechanics-dfea895986f8|objective:132b7a6cd76194a6|recipe:37006|equipment:generic-i750-hq-five-meld-template-buffed-v1@56d8b966113da626|world:balanced-iid@b2fb02dee0509772|base-seed:20260824|sample:0|max-steps:80|case:7fb34599232c2147	59	hastyTouch	310200	2	2	80	80	11468	24402	5	15	8
candidate	cosmic-expert-mechanics-dfea895986f8|objective:132b7a6cd76194a6|recipe:37006|equipment:generic-i750-hq-five-meld-template-buffed-v1@56d8b966113da626|world:balanced-iid@b2fb02dee0509772|base-seed:20260824|sample:0|max-steps:80|case:7fb34599232c2147	59	hastyTouch	selected=true	score=0.00689201	completion=0.00000000	quality=0.00000000	undelivered_potential=0.68920103	actions=2.125	route=Some(RoutePlan { intent: QualityBuild, engine: Semantic, setup: None, consumer: None, interrupt: false })	sources=[Semantic]	success=Unknown	failure=Some((0.4, Unknown))	selection_score=0.00689201	samples=8	horizon=21
candidate	cosmic-expert-mechanics-dfea895986f8|objective:132b7a6cd76194a6|recipe:37006|equipment:generic-i750-hq-five-meld-template-buffed-v1@56d8b966113da626|world:balanced-iid@b2fb02dee0509772|base-seed:20260824|sample:0|max-steps:80|case:7fb34599232c2147	59	hastyTouch	selected=false	score=0.00689256	completion=0.00000000	quality=0.00000000	undelivered_potential=0.68925643	actions=2.875	route=Some(RoutePlan { intent: QualityBuild, engine: Budgeted, setup: None, consumer: None, interrupt: false })	sources=[Budgeted]	success=Unknown	failure=Some((0.4, Unknown))	selection_score=0.00686692	samples=8	horizon=21
recommendation	cosmic-expert-mechanics-dfea895986f8|objective:132b7a6cd76194a6|recipe:37006|equipment:generic-i750-hq-five-meld-template-buffed-v1@56d8b966113da626|world:balanced-iid@b2fb02dee0509772|base-seed:20260824|sample:0|max-steps:80|case:7fb34599232c2147	60	finalAppraisal	9900	1	2	0	1	11468	24402	5	10	0
candidate	cosmic-expert-mechanics-dfea895986f8|objective:132b7a6cd76194a6|recipe:37006|equipment:generic-i750-hq-five-meld-template-buffed-v1@56d8b966113da626|world:balanced-iid@b2fb02dee0509772|base-seed:20260824|sample:0|max-steps:80|case:7fb34599232c2147	60	finalAppraisal	selected=true	score=0.00663115	completion=0.00000000	quality=0.00000000	undelivered_potential=0.66311486	actions=1.000	route=Some(RoutePlan { intent: Recovery, engine: Budgeted, setup: None, consumer: None, interrupt: false })	sources=[BestEffort]	success=Unknown	failure=None	selection_score=0.00663115	samples=1	horizon=1
recommendation	cosmic-expert-mechanics-dfea895986f8|objective:132b7a6cd76194a6|recipe:37006|equipment:generic-i750-hq-five-meld-template-buffed-v1@56d8b966113da626|world:balanced-iid@b2fb02dee0509772|base-seed:20260824|sample:0|max-steps:80|case:7fb34599232c2147	61	finalAppraisal	8900	1	2	0	1	11468	24402	4	10	0
candidate	cosmic-expert-mechanics-dfea895986f8|objective:132b7a6cd76194a6|recipe:37006|equipment:generic-i750-hq-five-meld-template-buffed-v1@56d8b966113da626|world:balanced-iid@b2fb02dee0509772|base-seed:20260824|sample:0|max-steps:80|case:7fb34599232c2147	61	finalAppraisal	selected=true	score=0.00663115	completion=0.00000000	quality=0.00000000	undelivered_potential=0.66311486	actions=1.000	route=Some(RoutePlan { intent: Recovery, engine: Budgeted, setup: None, consumer: None, interrupt: false })	sources=[BestEffort]	success=Unknown	failure=None	selection_score=0.00663115	samples=1	horizon=1
recommendation	cosmic-expert-mechanics-dfea895986f8|objective:132b7a6cd76194a6|recipe:37006|equipment:generic-i750-hq-five-meld-template-buffed-v1@56d8b966113da626|world:balanced-iid@b2fb02dee0509772|base-seed:20260824|sample:0|max-steps:80|case:7fb34599232c2147	62	finalAppraisal	8700	1	2	0	1	11468	24402	3	10	0
candidate	cosmic-expert-mechanics-dfea895986f8|objective:132b7a6cd76194a6|recipe:37006|equipment:generic-i750-hq-five-meld-template-buffed-v1@56d8b966113da626|world:balanced-iid@b2fb02dee0509772|base-seed:20260824|sample:0|max-steps:80|case:7fb34599232c2147	62	finalAppraisal	selected=true	score=0.00663115	completion=0.00000000	quality=0.00000000	undelivered_potential=0.66311486	actions=1.000	route=Some(RoutePlan { intent: Recovery, engine: Budgeted, setup: None, consumer: None, interrupt: false })	sources=[BestEffort]	success=Unknown	failure=None	selection_score=0.00663115	samples=1	horizon=1
recommendation	cosmic-expert-mechanics-dfea895986f8|objective:132b7a6cd76194a6|recipe:37006|equipment:generic-i750-hq-five-meld-template-buffed-v1@56d8b966113da626|world:balanced-iid@b2fb02dee0509772|base-seed:20260824|sample:0|max-steps:80|case:7fb34599232c2147	63	finalAppraisal	8200	1	2	0	1	11468	24402	2	10	0
candidate	cosmic-expert-mechanics-dfea895986f8|objective:132b7a6cd76194a6|recipe:37006|equipment:generic-i750-hq-five-meld-template-buffed-v1@56d8b966113da626|world:balanced-iid@b2fb02dee0509772|base-seed:20260824|sample:0|max-steps:80|case:7fb34599232c2147	63	finalAppraisal	selected=true	score=0.00663115	completion=0.00000000	quality=0.00000000	undelivered_potential=0.66311486	actions=1.000	route=Some(RoutePlan { intent: Recovery, engine: Budgeted, setup: None, consumer: None, interrupt: false })	sources=[BestEffort]	success=Unknown	failure=None	selection_score=0.00663115	samples=1	horizon=1
recommendation	cosmic-expert-mechanics-dfea895986f8|objective:132b7a6cd76194a6|recipe:37006|equipment:generic-i750-hq-five-meld-template-buffed-v1@56d8b966113da626|world:balanced-iid@b2fb02dee0509772|base-seed:20260824|sample:0|max-steps:80|case:7fb34599232c2147	64	finalAppraisal	8100	1	2	0	1	11468	24402	1	10	0
candidate	cosmic-expert-mechanics-dfea895986f8|objective:132b7a6cd76194a6|recipe:37006|equipment:generic-i750-hq-five-meld-template-buffed-v1@56d8b966113da626|world:balanced-iid@b2fb02dee0509772|base-seed:20260824|sample:0|max-steps:80|case:7fb34599232c2147	64	finalAppraisal	selected=true	score=0.00663115	completion=0.00000000	quality=0.00000000	undelivered_potential=0.66311486	actions=1.000	route=Some(RoutePlan { intent: Recovery, engine: Budgeted, setup: None, consumer: None, interrupt: false })	sources=[BestEffort]	success=Unknown	failure=None	selection_score=0.00663115	samples=1	horizon=1
recommendation	cosmic-expert-mechanics-dfea895986f8|objective:132b7a6cd76194a6|recipe:37006|equipment:generic-i750-hq-five-meld-template-buffed-v1@56d8b966113da626|world:balanced-iid@b2fb02dee0509772|base-seed:20260824|sample:0|max-steps:80|case:7fb34599232c2147	65	rapidSynthesis	11300	1	2	0	2	11468	24402	0	10	0
candidate	cosmic-expert-mechanics-dfea895986f8|objective:132b7a6cd76194a6|recipe:37006|equipment:generic-i750-hq-five-meld-template-buffed-v1@56d8b966113da626|world:balanced-iid@b2fb02dee0509772|base-seed:20260824|sample:0|max-steps:80|case:7fb34599232c2147	65	rapidSynthesis	selected=true	score=0.00663115	completion=0.00000000	quality=0.00000000	undelivered_potential=0.66311486	actions=1.000	route=Some(RoutePlan { intent: Finish, engine: Budgeted, setup: None, consumer: None, interrupt: false })	sources=[BestEffort]	success=TerminalFailure	failure=Some((0.5, TerminalFailure))	selection_score=0.00663115	samples=1	horizon=1
outcome	cosmic-expert-mechanics-dfea895986f8|objective:132b7a6cd76194a6|recipe:37006|equipment:generic-i750-hq-five-meld-template-buffed-v1@56d8b966113da626|world:balanced-iid@b2fb02dee0509772|base-seed:20260824|sample:0|max-steps:80|case:7fb34599232c2147	failed	11999	24402	66	23
timing_ns	calls=66	p50=2266800	p95=17928700	p99=19845100	max=19845100
